book_name,chapter,chapter_summary
1 Korintus,1,"Tema utama dari pasal ini adalah pentingnya kesatuan dan persatuan di antara jemaat, serta tidak memegahkan diri sendiri di hadapan Allah. Konteksnya adalah bahwa jemaat di Korintus telah terpecah-pecah menjadi beberapa kelompok yang mengaku-mengaku sebagai pengikut Paulus, Apolos, Kefas, atau bahkan Kristus sendiri. Paulus menasihatkan mereka untuk tidak memegahkan diri sendiri dan untuk bersatu dalam iman mereka."
1 Korintus,2,"Berikut adalah ringkasan tema utama dan konteks dari pasal Alkitab tersebut dalam 2-3 kalimat yang padat:

Tema utama dari pasal ini adalah tentang kebenaran dan hikmat Allah yang tidak dapat dipahami oleh manusia, tetapi dapat dipahami oleh mereka yang memiliki Roh Allah. Pasal ini menjelaskan bahwa kebenaran Allah tidak dapat disampaikan dengan kata-kata hikmat manusia, tetapi dengan keyakinan akan kekuatan Roh.

Konteks dari pasal ini adalah bahwa penulis Alkitab (mungkin Paulus) ingin menyampaikan kebenaran Allah kepada orang-orang yang belum mengenal-Nya, tetapi tidak ingin menggunakan kata-kata hikmat manusia yang dapat menyesatkan mereka. Sebaliknya, penulis ingin menyampaikan kebenaran Allah dengan cara yang lebih spiritual dan tidak dapat dipahami oleh orang-orang yang tidak memiliki Roh Allah."
1 Korintus,3,"Berikut adalah ringkasan tema utama dan konteks dari pasal Alkitab tersebut dalam 2-3 kalimat yang padat:

Pasal ini membahas tentang pentingnya tidak membandingkan diri sendiri dengan orang lain dalam iman Kristen. Paulus menjelaskan bahwa dia dan Apolos hanya berperan sebagai penanam dan penyiram, sedangkan Allah yang memberi pertumbuhan. Ia juga menekankan bahwa yang penting bukanlah siapa yang menanam atau menyiram, melainkan Allah yang memberi pertumbuhan.

Konteks dari pasal ini adalah bahwa ada perdebatan di antara jemaat di Korintus tentang siapa yang lebih berhak dipercaya, Paulus atau Apolos. Paulus menjawab dengan menekankan bahwa tidak ada perbedaan antara mereka, karena mereka semua bekerja sama untuk membangun jemaat. Ia juga menekankan bahwa yang penting bukanlah siapa yang menanam atau menyiram, melainkan Allah yang memberi pertumbuhan."
1 Korintus,4,"Berikut adalah ringkasan tema utama dan konteks dari pasal Alkitab tersebut dalam 2-3 kalimat yang padat:

Paulus, seorang rasul Kristus, menulis surat ini kepada jemaat di Korintus untuk mengingatkan mereka tentang pentingnya tidak sombong dan tidak menghakimi orang lain. Ia juga ingin menunjukkan bahwa sebagai hamba Kristus, ia dan para rasul lainnya telah menderita dan berjuang untuk menyebarkan Injil, sehingga mereka tidak boleh sombong dan menganggap diri lebih penting dari orang lain. Paulus juga ingin mengingatkan jemaat di Korintus untuk mengikuti teladannya dan menjadi contoh yang baik bagi orang lain.

Konteks dari surat ini adalah bahwa jemaat di Korintus telah menjadi sombong dan menganggap diri lebih penting dari orang lain, sehingga Paulus ingin menegor mereka dan mengingatkan mereka tentang pentingnya tidak sombong dan tidak menghakimi orang lain."
1 Korintus,5,"Berikut adalah ringkasan tema utama dan konteks dari pasal Alkitab tersebut dalam 2-3 kalimat yang padat:

Pasal ini membahas tentang permasalahan percabulan dan kejahatan dalam jemaat, serta perintah untuk mengusir orang yang melakukan kejahatan dari tengah-tengah jemaat. Konteksnya adalah tentang kesadaran akan kehadiran Tuhan Yesus dalam jemaat dan perintah untuk menjaga kebersihan dan kemurnian dalam jemaat."
1 Korintus,6,"Berikut adalah ringkasan tema utama dan konteks dari pasal Alkitab yang Anda berikan:

Pasal ini membahas tentang pentingnya menghormati dan menghargai tubuh kita sebagai bagian dari Kristus. Ayat-ayat ini menekankan bahwa kita harus menghindari perilaku yang tidak pantas dan tidak sesuai dengan kehendak Allah, seperti percabulan, karena tubuh kita adalah milik Allah dan harus digunakan untuk kebaikan, bukan untuk kejahatan.

Konteks dari pasal ini adalah bahwa jemaat yang dituju oleh surat ini perlu diingatkan tentang pentingnya menghormati dan menghargai tubuh mereka sebagai bagian dari Kristus. Mereka perlu diingatkan bahwa tubuh mereka bukan hanya milik mereka sendiri, tetapi juga milik Allah, dan harus digunakan untuk kebaikan, bukan untuk kejahatan."
1 Korintus,7,"Tema utama dari pasal Alkitab ini adalah tentang hubungan suami-isteri dan kehidupan dalam keadaan darurat. Konteksnya adalah bahwa waktu telah singkat dan orang-orang harus berlaku seolah-olah mereka tidak memiliki apa-apa, termasuk tidak terikat dengan kepentingan duniawi seperti pernikahan."
1 Korintus,8,"Berikut adalah ringkasan tema utama dan konteks dari pasal Alkitab yang Anda berikan:

Tema utama dari pasal ini adalah tentang pentingnya kasih dan kebebasan dalam berhubungan dengan Allah, serta peringatan untuk tidak menjadi batu sandungan bagi orang-orang yang lemah. Konteksnya adalah tentang perdebatan di dalam gereja tentang makan daging persembahan berhala, yang merupakan simbol dari kebebasan dan kasih dalam berhubungan dengan Allah."
1 Korintus,9,"Berikut adalah ringkasan tema utama dan konteks dari pasal Alkitab yang Anda berikan:

Pasal ini merupakan bagian dari Surat Paulus kepada Galatia (Galatia 6:1-10), tetapi ada beberapa ayat yang tidak masuk ke dalam pasal tersebut. Pasal ini membahas tentang hak dan kewajiban para rasul, serta pentingnya memenangkan orang-orang dengan memberitakan Injil. Paulus menjelaskan bahwa sebagai rasul, dia tidak mempergunakan hak-haknya untuk meminta upah, tetapi lebih suka mati daripada kehilangan kesempatan untuk memberitakan Injil. Dia juga menjelaskan bahwa dia telah menjadi hamba dari semua orang untuk memenangkan sebanyak mungkin orang.

Tema utama dari pasal ini adalah tentang kesediaan Paulus untuk memberitakan Injil dan memenangkan orang-orang, bahkan jika itu berarti dia harus mengorbankan hak-haknya sendiri."
1 Korintus,10,"Berikut adalah ringkasan tema utama dan konteks dari pasal Alkitab di atas:

Tema utama: Pentingnya hidup dalam keselarasan dengan Tuhan dan tidak melakukan hal-hal yang dapat membangkitkan cemburu atau menimbulkan syak dalam hati orang lain.

Konteks: Pasal ini ditulis oleh Rasul Paulus kepada umat Kristen di Korintus, yang terdiri dari orang-orang Yahudi dan Yunani yang memiliki latar belakang dan kebiasaan yang berbeda-beda. Paulus ingin mengingatkan mereka bahwa sebagai umat Kristen, mereka harus hidup dalam keselarasan dengan Tuhan dan tidak melakukan hal-hal yang dapat membangkitkan cemburu atau menimbulkan syak dalam hati orang lain."
1 Korintus,11,"Berikut adalah ringkasan tema utama dan konteks dari pasal Alkitab yang Anda berikan:

Pasal ini merupakan bagian dari Surat 1 Korintus, yang ditulis oleh Rasul Paulus kepada jemaat di Korintus. Tema utama dari pasal ini adalah pentingnya memahami dan menghormati peraturan-peraturan dalam Gereja, serta pentingnya mempertahankan kebenaran dan kehormatan dalam makan perjamuan Tuhan.

Dalam pasal ini, Rasul Paulus membahas tentang beberapa topik, seperti:

* Pentingnya memakai tudung kepala bagi perempuan dalam ibadah (ayat 2-16)
* Kebiasaan-kebiasaan yang tidak layak dalam pertemuan-pertemuan jemaat (ayat 17-22)
* Pentingnya memahami dan menghormati peraturan-peraturan dalam Gereja, terutama dalam makan perjamuan Tuhan (ayat 23-34)

Konteks dari pasal ini adalah bahwa jemaat di Korintus memiliki beberapa kebiasaan yang tidak layak, seperti makan perjamuan Tuhan dengan cara yang tidak hormat dan tidak menghormati peraturan-peraturan dalam Gereja. Rasul Paulus menulis surat ini untuk mengingatkan mereka tentang pentingnya memahami dan menghormati peraturan-peraturan dalam Gereja, serta untuk mengajarkan mereka tentang cara yang benar untuk makan perjamuan Tuhan."
1 Korintus,12,"Berikut adalah ringkasan tema utama dan konteks dari pasal Alkitab tersebut dalam 2-3 kalimat yang padat:

Tema utama dari pasal ini adalah tentang kebersamaan dan kerja sama dalam tubuh Kristus, di mana semua anggota memiliki peran dan karunia yang unik dan penting. Konteksnya adalah bahwa pasal ini ditulis oleh Rasul Paulus kepada umat Kristen di Korintus, yang memiliki perbedaan dan persaingan di antara mereka.

Pasal ini juga membahas tentang karunia-karunia Roh Kudus yang diberikan kepada umat Kristen, seperti hikmat, pengetahuan, iman, penyembuhan, dan lain-lain. Rasul Paulus menjelaskan bahwa semua karunia ini berasal dari satu Roh Kudus dan memiliki tujuan yang sama, yaitu untuk membangun tubuh Kristus dan melayani Tuhan."
1 Korintus,13,"Tema utama dari pasal Alkitab ini adalah tentang pentingnya kasih dalam hidup orang percaya. Konteksnya adalah bahwa kasih adalah sifat yang paling penting dan tidak dapat digantikan oleh pengetahuan, iman, atau pengharapan, meskipun mereka juga sangat penting. Pasal ini menekankan bahwa kasih adalah sifat yang sabar, murah hati, dan tidak cemburu, dan bahwa tanpa kasih, tidak ada faedah dari hal-hal lain."
