Inten,Ayat Alkitab
Perasaan Sedih dan Kehilangan,"Mazmur 55 : 22 (TB) ""Serahkanlah kuatirmu kepada TUHAN, maka Ia akan memelihara engkau! Tidak untuk selama-lamanya dibiarkan-Nya orang benar itu goyah."""
Perasaan Sedih dan Kehilangan,"1 Petrus 5 : 7 (TB) ""Serahkanlah segala kekuatiranmu kepada-Nya, sebab Ia memelihara kamu."""
Perasaan Sedih dan Kehilangan,"Matius 11 : 28-29 (TB) ""Marilah kepada-Ku, semua yang letih lesu dan berbeban berat, Aku akan memberi kelegaan kepadamu. Pikullah kuk yang Kupasang dan belajarlah pada-Ku, karena Aku lemah lebut dan rendah hati dan jiwamu akan mendapat ketenangan."" "
Perasaan Sedih dan Kehilangan,"Yesaya 41 : 10 (TB) ""Janganlah takut, sebab Aku menyertai engkau, janganlah bimbang, sebab Aku ini Allahmu; Aku akan meneguhkan, bahkan akan menolong engkau; Aku akan memegang engkau dengan tangan kanan-Ku yang membawa kemenangan."""
Perasaan Sedih dan Kehilangan,"Filipi 4 : 6-7 (TB) ""Janganlah hendaknya kamu kuatir tentang apapun juga, tetapi nyatakanlah dalam segala hal keinginanmu kepada Allah dalam doa dan permohonan dengan ucapan syukur."""
Perasaan Sedih dan Kehilangan,"Mazmur 62 : 9 (TB) ""Percayalah kepada-Nya; Allah ialah tempat perlindungan kita."""
Perasaan Sedih dan Kehilangan,"Mazmur 147 : 3 (TB) ""Ia menyembuhkan orang-orang yang patah hati dan membalut luka-luka mereka."" "
Perasaan Sedih dan Kehilangan,"Amsal 17 : 22 (TB) ""Hati yang gembira adalah obat yang manjur, tetapi semangat yang patah mengeringkan tulang."""
Perasaan Sedih dan Kehilangan,"Filipi 4 : 6-7 (TB) ""Janganlah hendaknya kamu kuatir tentang apapun juga, tetapi nyatakanlah dalam segala hal keinginanmu kepada Allah dalam doa dan permohonan dengan ucapan syukur."""
Perasaan Sedih dan Kehilangan,"Yesaya 26 : 3 (TB) ""Yang hatinya teguh Kaujagai dengan damai sejahtera, sebab kepada-Mulah ia percaya"""
Perasaan Sedih dan Kehilangan,"Mazmur 34 : 19 (TB) ""TUHAN itu dekat kepada orang-orang yang patah hati, dan Ia menyelamatkan orang-orang yang remuk jiwanya."""
Perasaan Sedih dan Kehilangan,"Yesaya 43 : 4a (TB) ""Oleh karena engkau berharga di mata-Ku dan mulia, dan Aku ini mengasihi engkau…"""
Perasaan Sedih dan Kehilangan,"Amsal 15 : 1 (TB) ""Jawaban yang lemah lembut meredakan kegeraman, tetapi perkataan yang pedas membangkitkan marah."""
Perasaan Takut dan Cemas,"Yesaya 41 : 10 (TB) ""Janganlah takut, sebab Aku menyertai engkau, janganlah bimbang, sebab Aku ini Allahmu; Aku akan meneguhkan, bahkan akan menolong engkau; Aku akan memegang engkau dengan tangan kanan-Ku yang membawa kemenangan."""
Perasaan Takut dan Cemas,"2 Timotius 1 : 7 (TB) ""Sebab Allah tidak memberikan kepada kita roh ketakutan, melainkan roh yang membangkitkan kekuatan, kasih dan ketertiban."""
Perasaan Takut dan Cemas,"Mazmur 10 : 17-18 (TB) ""Keinginan orang-orang yang tertindas telah Kaudengarkan, ya TUHAN; Engkau menguatkan hati mereka, Engkau memasang telinga-Mu, untuk memberi keadilan kepada anak yatim dan orang yang terinjak, supaya tidak ada lagi manusia di bumi yang berbuat duka."""
Perasaan Takut dan Cemas,"Mazmur 37 : 5 (TB) ""Serahkanlah hidupmu kepada TUHAN dan percayalah kepada-Nya, dan Ia akan bertindak;"""
Perasaan Takut dan Cemas,"Filipi 4 : 6-7 (TB) ""Janganlah hendaknya kamu kuatir tentang apapun juga, tetapi nyatakanlah dalam segala hal keinginanmu kepada Allah dalam doa dan permohonan dengan ucapan syukur. Damai sejahtera Allah, yang melampaui segala akal, akan memelihara hati dan pikiranmu dalam Kristen Yesus."""
Perasaan Sebelum Menghadapi Kejadian,"2 Korintus 12 : 9a (TB) ""Tetapi jawab Tuhan kepadaku: 'Cukuplah kasih karunia-Ku bagimu, sebab justru dalam kelemahanlah kuasa-Ku menjadi sempurna.'."""
Perasaan Sebelum Menghadapi Kejadian,"1 Samuel 16 : 7b (TB) ""Bukan yang dilihat manusia yang dilihat Allah; manusia melihat apa yang di depan mata, tetapi TUHAN melihat hati."""
Perasaan Sebelum Menghadapi Kejadian,"Efesus 4 : 15 (TB) ""tetapi dengan teguh berpegang kepada kebenaran di dalam kasih kita bertumbuh di dalam segala hal ke arah Dia, Kristus, yang adalah Kepala."""
Perasaan Sebelum Menghadapi Kejadian,"Zakharia 4 : 10a (TB) ""Sebab siapa yang memandang hina hari peristiwa-peristiwa yang kecil?"""
Perasaan Sebelum Menghadapi Kejadian,"Amsal 4 : 23 (TB) ""Jagalah hatimu dengan segala kewaspadaan, karena dari situlah terpancar kehidupan."""
Perasaan Marah dan Frustasi,"Mazmur 37 : 5-6 (TB) ""Serahkanlah hidupmu kepada TUHAN dan percayalah kepada-Nya, dan Ia akan bertindak; Ia akan memunculkan kebenaranmu seperti terang, dan hakmu seperti siang."""
Perasaan Marah dan Frustasi,"Amsal 16 : 32 (TB) ""Orang yang sabar melebihi seroang pahlawan, orang yang menguasai dirinya, melebihi orang yang merebut kota."""
Perasaan Marah dan Frustasi,"Yakobus 1 : 19-20 (TB) ""Hai saudara-saudara yang kukasihi, ingatlah hal ini: setiap orang hendaklah cepat untuk mendengar, tetapi lambat untuk berkata-kata, dan juga lambat untuk marah; sebab amarah manusia tidak mengerjakan kebenaran di hadapan Allah."""
Perasaan Marah dan Frustasi,"Kolose 3 : 13 (TB) ""Sabarlah kamu seorang terhadap yang lain, dan ampunilah seorang akan yang lain apabila yang seorang menaruh dendam terhadap yang lain, sama seperti Tuhan telah mengampuni kamu, kamu perbuat jugalah demikian."""
Perasaan Marah dan Frustasi,"Efesus 4 : 26 (TB) ""Apabila kamu menjadi marah, janganlah kamu berbuat dosa: janganlah matahari terbenam, sebelum padam amarahmu."""
Perasaan Marah dan Frustasi,"Ulangan 31 : 6 (TB) ""Kuatkan dan teguhkanlah hatimu, janganlah takut dan janganlah gemetar karena mereka, sebab TUHAN, Allahmu, Dialah yang berjalan menyertai engkau; Ia tidak akan membiarkan engkau dan tidak akan meninggalkan engkau."""
