question,Intent
"Jujur, saya merasa cukup cemas sebelum datang ke sesi ini. Saya takut tidak bisa menjelaskan dengan baik tentang apa yang saya rasakan.",Perasaan Takut dan Kecemasan; Perasaan Sebelum Menghadapi Kejadian
"Saya merasa agak gugup, Kak. Saya tidak tahu bagaimana harus mulai menceritakan semuanya.",Perasaan Takut dan Kecemasan; Perasaan Sebelum Menghadapi Kejadian
"Saya merasa baik-baik saja, Kak. Awalnya saya agak terkejut ketika dipanggil, tapi saya ingin mencoba berbicara dan mendengar apa yang bisa saya lakukan untuk merasa lebih baik.",Rasa Syukur dan Apresiasi; Reaksi Terkejut dan Tidak Terduga; Perasaan Sebelum Menghadapi Kejadian
"Saya merasa agak cemas, Kak. Tapi saya ingin mencoba berbicara tentang apa yang saya rasakan.",Perasaan Sebelum Menghadapi Kejadian
"Saya merasa... biasa saja, tapi kadang saya merasa sedih. Saya masih sulit mendapatkan teman, dan saya merasa tidak terlalu berharga.",Perasaan Sedih dan Kehilangan
"Halo Kak. Ya... saya merasa sedikit lebih baik, tapi tetap ada rasa kecewa yang sulit hilang. Saya merasa dikhianati oleh orang yang saya percayai di gereja.",Perasaan Benci dan Jijik; Rasa Syukur dan Apresiasi
"Halo Kak. Sejujurnya, saya masih merasa bingung dengan pertemanan saya di kampus. Saya ingin memiliki hubungan pertemanan yang baik, tetapi saya tidak tahu bagaimana cara menghadapinya, terutama setelah apa yang terjadi dengan teman saya, B.",Perasaan Sedih dan Kehilangan; Perasaan Takut dan Kecemasan; Perasaan Sebelum Menghadapi Kejadian
"Halo Kak. Saya merasa cukup baik hari ini. Saya baru saja menyelesaikan ujian, dan rasanya berjalan cukup lancar. Tidak ada gangguan atau sosok mengerikan yang muncul semalam.",Rasa Syukur dan Apresiasi
"Halo Kak. Hari ini rasanya sedikit lebih baik, tetapi saya masih sering merasa lelah dan mudah kesal.",Rasa Syukur dan Apresiasi; Perasaan Marah dan Frustasi
"Halo Kak, hari ini aku merasa sedikit lebih baik, tapi tetap masih ada rasa cemas dengan kuliah",Rasa Syukur dan Apresiasi; Perasaan Sebelum Menghadapi Kejadian
"Halo Kak, sebenarnya hari ini perasaanku lebih baik dibanding pertemuan sebelumnya. Aku mencoba beberapa hal yang kita diskusikan, seperti lebih aktif bergerak dan berlibur sebentar. Itu cukup membantu.",Rasa Syukur dan Apresiasi; Perasaan Sebelum Menghadapi Kejadian
"Baik, KakÂ ya walaupun agak capek. Maaf aku telat tadi",Perasaan Percaya ; Perasaan Sedih dan Kehilangan
"Baik, KakÂ tapi ya, seperti yang aku bilang di kuesioner, aku masih merasa nggak nyaman dengan beberapa hal",Perasaan Percaya ; Perasaan Takut dan Kecemasan
BaikÂ atau mungkin tidak baik. Aku nggak tahu pasti.,Perasaan Sedih dan Kehilangan
BaikÂ atau mungkin tidak terlalu baik. Aku juga nggak yakin.,Perasaan Sedih dan Kehilangan
BaikÂ atau mungkin nggak baik juga. Aku nggak tahu.,Perasaan Sedih dan Kehilangan
"Baik, KakÂ tapi jujur agak capek dan masih kepikiran banyak hal",Perasaan Sedih dan Kehilangan
"Baik, KakÂ ya walaupun masih kepikiran beberapa hal sih",Perasaan Sedih dan Kehilangan
"BaikÂ tapi sebenarnya masih sering merasa cemas sih, Kak.",Perasaan Sebelum Menghadapi Kejadian
"Baik, Kak. Aku memang penasaran sih, apakah yang aku lakukan untuk menghadapi masalahku selama ini sudah benar atau belum.",Perasaan Takut dan Kecemasan
"Baik, KakÂ walaupun masih agak canggung sih karena belum pernah konseling sebelumnya",Perasaan Takut dan Kecemasan
Aku tidak tahuÂ Aku merasa sangat lelah dan bingung dengan semuanya.,Perasaan Takut dan Kecemasan
"Halo Kak. Aku tidak tahu... Sejujurnya, aku merasa lebih buruk dibandingkan sesi sebelumnya.",Perasaan Takut dan Kecemasan
"Saya masih sering merasa tidak percaya diri dan masih mengalami konflik antara pikiran dan perasaan saya. Tapi, saya mencoba untuk lebih menyadari ketika pikiran buruk muncul.",Reaksi Terkejut dan Tidak Terduga; Perasaan Takut dan Kecemasan; Perasaan Sebelum Menghadapi Kejadian
"Iya, saya masih merasa tertekan saat di rumah. Saya takut melakukan kesalahan karena ayah saya bisa marah dan memukul saya. Saya juga masih merasa canggung saat berbicara dengan teman-teman saya.",Perasaan Sedih dan Kehilangan; Perasaan Takut dan Kecemasan
"Terima kasih, Kak. Saya merasa ada banyak hal yang mengganggu pikiran saya. Saya bingung dengan hubungan saya dan juga merasa terbebani dengan kondisi keuangan keluarga saya.",Perasaan Benci dan Jijik; Perasaan Sedih dan Kehilangan; Perasaan Takut dan Kecemasan
"Saya ingin membahas tentang hubungan saya dengan pacar dulu. Saya merasa bingung, karena kami sudah hampir tiga tahun bersama, tapi akhir-akhir ini rasanya berbeda.",Perasaan Takut dan Kecemasan; Perasaan Sebelum Menghadapi Kejadian
"Saya sering kali merasa tidak nyaman dengan hubungan ini. Setelah masuk kuliah, kami jarang bertemu karena kampus kami berbeda. Awalnya saya merasa kesal, tapi lama-lama saya juga mulai terbiasa sendiri. Saya sering menghindari komunikasi dengan dia, misalnya tidak membalas chat dan menjauh tanpa alasan yang jelas.",Perasaan Benci dan Jijik; Perasaan Sedih dan Kehilangan; Perasaan Marah dan Frustasi; Perasaan Sebelum Menghadapi Kejadian
"Dia sering bertanya kenapa saya menjauh, dan saya selalu meminta maaf. Dia biasanya bisa mengerti, tapi karena ini terjadi berkali-kali, akhirnya kami sering bertengkar. Sampai akhirnya bulan lalu dia bilang ingin break untuk introspeksi diri.",Perasaan Benci dan Jijik; Reaksi Terkejut dan Tidak Terduga; Perasaan Marah dan Frustasi; Perasaan Sebelum Menghadapi Kejadian
"Iya, saya merasa lebih nyaman sendiri karena tidak ada tuntutan untuk selalu merespons seseorang. Tapi di sisi lain, saya merasa kehilangan. Saya juga merasa bersalah karena mungkin sikap saya yang membuat dia ingin break.",Rasa Syukur dan Apresiasi; Perasaan Sedih dan Kehilangan; Perasaan Takut dan Kecemasan
"Sejak setahun terakhir, orang tua saya sering membicarakan masalah keuangan di depan saya. Saya jadi merasa terbebani dan berpikir bahwa saya hanya menambah masalah bagi keluarga.",Perasaan Sedih dan Kehilangan; Reaksi Terkejut dan Tidak Terduga
Saya sering merasa stres dan kurang fokus di kampus. Bahkan ada saat-saat di mana saya merasa ingin menyerah dan berpikir bahwa lebih baik saya tidak ada di dunia ini.,Perasaan Sedih dan Kehilangan; Reaksi Terkejut dan Tidak Terduga
"Terima kasih, Kak. Saya ingin membicarakan tentang kecemasan saya ketika harus berbicara di depan umum. Saya selalu merasa takut, tangan saya gemetar, dan sulit berkata-kata.",Perasaan Takut dan Kecemasan; Perasaan Sebelum Menghadapi Kejadian
"Saya sudah merasa seperti ini sejak lama, mungkin sejak SD. Saya pernah mengalami kejadian yang membuat saya malu saat kelas 3 SD, ketika saya berbicara dalam bahasa Jawa di depan guru dan teman-teman saya. Guru saya mengoreksi saya dan mengatakan bahwa kata yang saya gunakan memiliki arti yang berbeda dalam bahasa Indonesia.",Perasaan Percaya ; Perasaan Marah dan Frustasi
"Saya merasa malu dan salah. Saya tahu guru saya tidak bermaksud jahat, tapi setelah itu, saya selalu takut berbicara di depan orang lain karena khawatir salah bicara lagi.",Perasaan Sedih dan Kehilangan; Perasaan Takut dan Kecemasan; Perasaan Marah dan Frustasi
"Saya merasa sangat gugup. Bahkan sebelum berbicara, saya sudah berpikir bahwa saya akan salah bicara dan orang-orang akan menertawakan saya. Ketika akhirnya saya berbicara, tangan saya gemetar dan saya tidak bisa berpikir jernih.",Perasaan Takut dan Kecemasan
"Tentu, Kak.",Rasa Syukur dan Apresiasi
"Ya, saya sebenarnya paham, tapi saya takut salah bicara.",Perasaan Takut dan Kecemasan
Sebenarnya mereka biasa saja. Tidak ada yang mengejek atau mempermalukan saya.,Rasa Syukur dan Apresiasi
0,Rasa Syukur dan Apresiasi
"Baik, Kak. Saya mengalami banyak hal sejak kecil, dan itu masih berdampak pada saya sampai sekarang.",Perasaan Sedih dan Kehilangan
"Saya mengalami perundungan sejak SD, SMP, hingga SMA. Saya sering dikucilkan, dihina secara verbal, bahkan mengalami kekerasan fisik. Waktu SD, saya pernah dipukul dengan batako dan mata saya dimasukkan pasir oleh teman-teman saya.",Perasaan Sedih dan Kehilangan
"Saya melapor ke orang tua saya, tapi mereka justru memarahi saya. Ayah saya memukul saya dengan selang dan berkata bahwa saya harus melawan, jangan jadi anak yang lemah.",Perasaan Marah dan Frustasi
"Saya merasa kecewa dan putus asa. Saya berpikir bahwa saya harus menghadapi semuanya sendirian. Sejak itu, saya tidak pernah lagi bercerita kepada orang tua saya.",Perasaan Benci dan Jijik; Perasaan Sedih dan Kehilangan; Perasaan Takut dan Kecemasan
"Saya mulai berbicara dengan diri sendiri dan boneka kesayangan saya. Saya menganggap boneka itu sebagai teman saya. Lalu di SMP, saya mulai melihat sosok yang hanya saya yang bisa lihat dan ajak bicara.",Perasaan Sedih dan Kehilangan; Perasaan Sebelum Menghadapi Kejadian
"Iya, sosok ini datang saat saya merasa sangat sendirian. Saya juga beberapa kali mencoba mengakhiri hidup, tapi saya masih bertahan sampai sekarang.",Perasaan Sedih dan Kehilangan
"Tidak sesering dulu, Kak. Tapi kadang-kadang saat saya sendirian atau di tempat ramai, sosok itu tiba-tiba muncul dan berbicara kepada saya.",Reaksi Terkejut dan Tidak Terduga
Tidak ada yang menakutkan. Kadang dia hanya mengajak saya berbicara atau menanyakan perasaan saya.,Perasaan Percaya 
"Iya, saya memang sering mengalami masalah pencernaan sejak SMP. Saya pernah terkena TB usus, dan saya juga sering kambuh maag serta asam lambung. Terakhir kali kambuh saat ospek kemarin, mungkin karena kelelahan dan pola makan yang tidak teratur.",Perasaan Sedih dan Kehilangan
"Sudah, Kak. Saya tahu saya harus menjaga pola makan dan sudah beberapa kali berkonsultasi dengan dokter.",Perasaan Marah dan Frustasi
"Sebenarnya tidak terlalu mengganggu, tapi ada saat-saat di mana saya merasa sangat lelah dan sulit berkonsentrasi. Kadang saya khawatir apakah saya bisa bertahan dengan jadwal kuliah yang padat.",Perasaan Sedih dan Kehilangan; Perasaan Takut dan Kecemasan
Iya. Saya takut kalau nanti saya tidak bisa mengatur waktu dengan baik dan akhirnya ketinggalan tugas. Saya sering merasa cemas membandingkan diri saya dengan teman-teman yang terlihat lebih bisa mengatur semuanya dengan baik.,Perasaan Takut dan Kecemasan; Perasaan Sebelum Menghadapi Kejadian
"Di rumah ada banyak konflik antara ayah dan ibu, terutama tentang peran mereka dalam keluarga. Ayah saya memiliki pola pikir yang sangat patriarkal, sementara ibu saya ingin lebih mandiri. Mereka sering bertengkar tentang hal itu.",Perasaan Sedih dan Kehilangan; Perasaan Takut dan Kecemasan; Perasaan Sebelum Menghadapi Kejadian
"Saya biasanya berusaha untuk tidak memperdulikan ayah dan lebih dekat dengan ibu. Saya sering keluar berdua dengan ibu, dan itu membuat saya merasa lebih tenang.",Perasaan Benci dan Jijik; Rasa Syukur dan Apresiasi
"Iya, saya merasa lebih bisa bercerita dengan ibu. Tapi saya juga merasa ada jarak dengan ayah, dan saya tidak tahu apakah itu baik atau buruk.",Rasa Syukur dan Apresiasi; Perasaan Sedih dan Kehilangan; Reaksi Terkejut dan Tidak Terduga
"Baik, Kak. Saya sering merasa kehilangan kesadaran atau hampir pingsan ketika mendengar bentakan atau suara keras. Saya juga merasa sering menyalahkan diri sendiri dan sulit mengekspresikan emosi saya.",Perasaan Benci dan Jijik; Perasaan Takut dan Kecemasan
"Sejak kelas 12 SMA. Saat itu saya ikut pelatihan paskibra dan pelatihnya sering berteriak dengan nada tinggi. Saya mulai merasa pusing, jantung berdebar, hingga kehilangan keseimbangan.",Perasaan Takut dan Kecemasan
"Mungkin karena sejak kecil saya sering mendapat tekanan dari orang tua saya. Mereka menuntut saya untuk selalu mengalah dan menjaga adik saya. Ibu saya perfeksionis, dan saya merasa harus selalu memenuhi harapan mereka.",Perasaan Sedih dan Kehilangan; Perasaan Marah dan Frustasi
"Ibu saya selalu menuntut saya untuk menjadi yang terbaik, baik dalam hal akademik maupun sikap. Saya selalu diminta untuk menjaga adik saya, meskipun saya merasa adik saya sulit diatur. Kami sering bertengkar, tapi ibu selalu berpihak pada adik saya.",Perasaan Marah dan Frustasi
Saya biasanya hanya diam dan memendam perasaan saya. Saya tidak ingin marah karena takut dianggap anak yang durhaka.,Perasaan Sedih dan Kehilangan; Perasaan Takut dan Kecemasan
"Saya masih merasa ada jarak, terutama dengan ibu saya. Saya ingin bisa berkomunikasi lebih baik, tapi saya juga takut jika saya menyampaikan perasaan saya, mereka akan marah.",Perasaan Sedih dan Kehilangan; Perasaan Takut dan Kecemasan
Saya pernah mengalami bullying saat SMA. Salah satu teman saya mengajak teman-teman lain untuk menjauhi saya karena saya dianggap 'cupu'. Saya tidak melawan atau melaporkan kejadian itu karena saya tidak ingin menambah masalah.,Perasaan Sedih dan Kehilangan; Perasaan Takut dan Kecemasan; Perasaan Marah dan Frustasi
"Saya merasa sangat sendirian. Saya ingin berbicara dengan orang tua saya, tapi saya tahu mereka akan marah dan menganggap saya lemah.",Perasaan Sedih dan Kehilangan; Perasaan Takut dan Kecemasan
"Saya baik-baik saja, Kak. Tapi saya juga merasa cemas, terutama tentang tugas ospek yang harus diposting di media sosial.",Rasa Syukur dan Apresiasi; Perasaan Sebelum Menghadapi Kejadian
"Suara-suara itu mulai muncul lagi, terutama saat saya merasa diperhatikan. Saya juga masih merasa takut kalau suatu hari ada yang menghubungkan saya dengan foto yang pernah tersebar.",Perasaan Takut dan Kecemasan
"Beberapa hari lalu, ketika ada orang yang melihat saya dari kepala sampai kaki. Saya langsung merasa panik dan mendengar suara yang mengatakan 'kamu tidak layak dicintai'",Perasaan Benci dan Jijik; Perasaan Takut dan Kecemasan
"Saya biasanya mengabaikannya, tapi ada saat di mana saya merasa perlu diperhatikan oleh orang lain, agar saya merasa lebih baik.",Perasaan Benci dan Jijik; Rasa Syukur dan Apresiasi; Perasaan Sebelum Menghadapi Kejadian
"Ya, saya merasa tidak aman. Rasanya seperti semua orang akan menilai saya berdasarkan masa lalu saya.",Perasaan Takut dan Kecemasan
Itu mungkin bisa membantu. Saya akan mencobanya.,Perasaan Percaya 
Teman saya mengatakan sesuatu yang menyebalkan tentang kejadian lama itu. Saya langsung marah dan mendorongnya.,Perasaan Marah dan Frustasi
"Saya merasa cukup cemas, Kak. Saya bingung dengan apa yang harus saya lakukan mengenai beasiswa saya yang sudah pasti akan dicabut.",Perasaan Sebelum Menghadapi Kejadian
"Saya sebenarnya bukan hanya bingung tentang beasiswa ini, Kak, tapi juga merasa bersalah. Saya belum memberi tahu ibu saya soal beasiswa yang akan dihentikan, dan saya takut mengecewakan beliau.",Perasaan Benci dan Jijik; Reaksi Terkejut dan Tidak Terduga
"Ibu saya sangat bangga saya bisa kuliah di Maranatha, apalagi karena saya satu-satunya anak di keluarga yang bisa kuliah. Beliau sering membanggakan saya ke tetangga. Saya takut kalau saya memberitahu ibu, beliau akan kecewa atau sedih.",Rasa Syukur dan Apresiasi; Perasaan Takut dan Kecemasan
"YaÂ kalau saya terus menyembunyikannya, akhirnya ibu tetap akan tahu. Saya hanya tidak tahu bagaimana cara mengatakannya dengan baik.",Perasaan Takut dan Kecemasan
"Itu bisa jadi ide yang bagus, Kak. Kakak kedua saya yang membiayai kehidupan saya dan ibu, jadi mungkin saya bisa bicara dengannya dulu untuk mencari cara terbaik sebelum berbicara dengan ibu.",Perasaan Percaya 
"Saya tidak tahu apakah itu mungkin, tapi saya ingin mencobanya. Saya ingin merasa bahwa saya sudah melakukan segalanya sebelum benar-benar berhenti kuliah.",Perasaan Percaya ; Perasaan Sebelum Menghadapi Kejadian
Saya berpikir untuk mencari pekerjaan dulu. Mungkin saya bisa bekerja dan menabung untuk kembali kuliah di kemudian hari.,Perasaan Sebelum Menghadapi Kejadian
"Sejak kecil saya merasa sulit berteman. Saya merasa teman-teman saya tidak pernah mengajak saya bermain. Bahkan saat kuliah, saya pernah memiliki teman saat orientasi mahasiswa baru, tapi mereka sepertinya tidak benar-benar menganggap saya bagian dari kelompok mereka. Mereka sering bermain bersama tanpa mengajak saya.",Perasaan Sedih dan Kehilangan; Reaksi Terkejut dan Tidak Terduga
"Sejak SD. Saya tidak punya teman. Lalu di SMP, saya menyukai seorang laki-laki, tapi dia malah mengatakan saya jelek dan gemuk. Di SMA, saya dijauhi oleh teman-teman tanpa alasan yang jelas. Saya pernah mencoba mendapatkan beasiswa ke Taiwan, tapi saat saya gagal, mereka justru tertawa dan mengatakan ingin 'meledakkan Taiwan'.",Perasaan Sedih dan Kehilangan; Reaksi Terkejut dan Tidak Terduga; Perasaan Marah dan Frustasi
"Mungkin yang di SMA... saya merasa benar-benar tidak diinginkan. Saya merasa tidak dihargai, dan itu membuat saya bertanya-tanya, 'Untuk apa saya hidup?'",Perasaan Sedih dan Kehilangan
"Terima kasih, Kak",Perasaan Percaya 
Mungkin... saya bisa mencoba.,Perasaan Percaya 
"Jadi, saya punya seorang kakak laki-laki di gereja yang sudah saya anggap sebagai kakak sendiri. Kami sering bersama karena kami ada di kepanitiaan retreat yang sama. Saya selalu berusaha membantu dia, bahkan saat saya lelah atau waktu sudah malam. Tapi semua berubah sejak dia mengira saya ingin merebut pacarnya.",Perasaan Percaya ; Rasa Syukur dan Apresiasi; Reaksi Terkejut dan Tidak Terduga
"Saya hanya berbicara dengan pacarnya tentang perasaan saya yang merasa dimanfaatkan. Saya bilang kalau saya merasa seperti 'alat' yang membantu seseorang, tapi dia malah mengira saya mencoba mendekati pacarnya. Sejak itu, dia mulai menjauhi saya, mendiamkan saya di pertemuan, bahkan tidak menganggap saya ada di sana. Itu sangat menyakitkan karena saya tidak merasa melakukan kesalahan.",Perasaan Sedih dan Kehilangan; Reaksi Terkejut dan Tidak Terduga
"Saya awalnya bingung. Saya tidak tahu harus bagaimana. Tapi puncaknya adalah saat dia menelepon saya dan memarahi saya habis-habisan, menuduh saya selingkuh dengan pacarnya. Kata-katanya kasar, dan dia sama sekali tidak mau mendengar penjelasan saya.",Reaksi Terkejut dan Tidak Terduga; Perasaan Takut dan Kecemasan
"Saya hanya diam. Saya takut kalau saya membela diri, dia akan semakin marah. Tapi setelah itu, saya merasa sangat kecewa dan sakit hati. Saya mulai menarik diri, bahkan saya tidak ingin berada di lantai yang sama dengannya saat ibadah.",Perasaan Benci dan Jijik; Perasaan Takut dan Kecemasan
Iya. Saya mulai sulit percaya pada orang lain. Saya tidak bisa bercerita kepada teman-teman di gereja karena saya takut mereka akan membicarakan saya di belakang. Saya juga jadi lebih mudah marah kalau ada orang yang bertanya-tanya soal keadaan saya.,Perasaan Takut dan Kecemasan; Perasaan Marah dan Frustasi
"Ya. Saya merasa sulit untuk dekat dengan teman-teman di kampus. Saya takut jika saya terlalu terbuka, saya akan dikhianati lagi. Saya tidak ingin terlalu dekat dengan siapa pun sekarang.",Perasaan Benci dan Jijik; Perasaan Sedih dan Kehilangan; Perasaan Takut dan Kecemasan
"Tapi sulit untuk percaya lagi, Kak. Rasanya seperti lebih baik menjauh dari semua orang daripada harus dikhianati lagi.",Perasaan Benci dan Jijik; Perasaan Sedih dan Kehilangan
"Saya baru tahu bahwa teman saya, B, menyebarkan isi chat saya di grup HIMA. Di chat itu, saya pernah bilang kalau saya tidak ingin berteman dengan orang lain selain yang sudah dekat dengan saya. Saya tidak mengerti kenapa B melakukan itu. Saya merasa sedih, tapi saya tidak tahu bagaimana mengungkapkan perasaan saya.",Perasaan Percaya ; Perasaan Sedih dan Kehilangan; Reaksi Terkejut dan Tidak Terduga
"Saya tidak mengatakan apa-apa. Saya hanya diam dan berpura-pura tidak tahu. Saya pikir, lebih baik saya tidak membahasnya daripada memperkeruh keadaan.",Perasaan Benci dan Jijik; Perasaan Sedih dan Kehilangan; Perasaan Sebelum Menghadapi Kejadian
"Sejujurnya, saya merasa sedih dan sedikit marah. Tapi saya selalu berpikir bahwa menunjukkan emosi negatif itu tidak baik. Saya tidak ingin terlihat lemah di hadapan B.",Perasaan Benci dan Jijik; Perasaan Sedih dan Kehilangan; Perasaan Marah dan Frustasi; Perasaan Sebelum Menghadapi Kejadian
"Iya, saya merasa kalau saya menunjukkan bahwa saya marah atau sedih, maka saya akan terlihat kalah di mata B.",Perasaan Marah dan Frustasi
"Saya cukup senang karena nilai saya meningkat. IPK saya sekarang 3.06, dan beasiswa Teknik Nusantara saya masih berlanjut.",Rasa Syukur dan Apresiasi
"Sebenarnya ada. Saya kesulitan mengkomunikasikan keinginan saya kepada dosen wali saya. Saya ingin mengkontrak 22 SKS, tapi karena dosen wali saya bilang 'tidak perlu ambil banyak-banyak,' saya langsung diam dan hanya mengikuti saran beliau.",Perasaan Takut dan Kecemasan
"Saya merasa sedikit lega, tapi tetap ada perasaan aneh. Saya merasa baik-baik saja sekarang, tapi tidak tahu apakah ini hanya sementara atau akan kembali lagi nanti.",Rasa Syukur dan Apresiasi; Reaksi Terkejut dan Tidak Terduga
Saya masih sering marah kalau ada orang yang menegur saya atau mengabaikan saya. Rasanya ingin membalas atau bahkan melukai mereka. Tapi saya sadar kalau itu berlebihan dan saya tidak ingin kelepasan.,Perasaan Marah dan Frustasi; Perasaan Sebelum Menghadapi Kejadian
"Tergantung. Biasanya kalau saya merasa tidak dihargai atau diabaikan, saya langsung kesal. Tapi akhir-akhir ini saya juga merasa lebih cepat marah kalau ada orang yang terlalu banyak bertanya atau ingin terlalu dekat dengan saya.",Perasaan Marah dan Frustasi
"Ada seorang teman saya, G. Dia sebenarnya baik, tapi akhir-akhir ini dia sering bertanya banyak hal dan ingin selalu bersama saya. Saya tidak suka dan merasa dia terlalu menempel.",Perasaan Benci dan Jijik; Perasaan Takut dan Kecemasan
"Iya, saya tidak suka rasanya. Tapi saya juga tidak ingin menyakiti perasaannya, jadi saya bingung harus bagaimana.",Perasaan Benci dan Jijik; Reaksi Terkejut dan Tidak Terduga; Perasaan Sebelum Menghadapi Kejadian
"Iya, tapi tidak sesering sebelumnya. Kadang saya masih merasa dia mengawasi saya, terutama kalau saya akan ujian atau merasa stres. Saya juga kadang masih mencium bau melati atau darah, dan itu sangat mengganggu.",Perasaan Benci dan Jijik; Rasa Syukur dan Apresiasi; Perasaan Takut dan Kecemasan
"Tidak selalu. Kadang dia muncul tanpa alasan, dan itu yang membuat saya takut.",Perasaan Takut dan Kecemasan
Tidak! Saya tidak mau ke psikiater,Perasaan Benci dan Jijik
"Tetap saja, saya tidak ingin orang tua saya tahu.",Perasaan Benci dan Jijik
"Baik, Kak.",Perasaan Percaya 
"Iya, masih. Kadang muncul sebelum tidur atau saat saya merasa stres. Saya juga kadang masih mencium bau melati atau darah, tapi saya sudah mulai bisa mengabaikannya.",Rasa Syukur dan Apresiasi; Perasaan Takut dan Kecemasan
"Baiklah, saya akan coba menuliskannya",Perasaan Percaya 
"Tidak banyak berubah, saya masih sering merasa tidak nyaman di rumah. Tapi saya lebih baik saat bersama ibu. Saya merasa lebih aman bersamanya dibandingkan dengan yang lain.",Perasaan Benci dan Jijik; Rasa Syukur dan Apresiasi; Perasaan Sedih dan Kehilangan
"Aku mencoba lebih membuka diri, mulai dari menyapa teman-teman lebih dulu. Rasanya agak canggung, tapi aku mencoba pelan-pelan.",Perasaan Percaya ; Perasaan Takut dan Kecemasan
"Sejujurnya, belum ada perubahan besar. Aku masih belum punya teman yang benar-benar dekat di kampus, tapi setidaknya aku tidak lagi merasa terlalu sendirian.",Perasaan Percaya ; Perasaan Sedih dan Kehilangan
"Masih sulit, Kak. Aku tetap merasa bahwa materi kedokteran tidak mudah untukku. Tapi aku mencoba untuk lebih rajin membaca dan mengerjakan tugas tepat waktu",Perasaan Sedih dan Kehilangan; Perasaan Sebelum Menghadapi Kejadian
"Baik, aku akan coba.",Perasaan Percaya 
Aku masih sering berkomunikasi dengannya. Kami bertemu setiap liburan semester. Dia satu-satunya teman yang benar-benar mengerti aku.,Perasaan Percaya 
"Sebenarnya, ada masalah baru, Kak. Ibuku baru saja tahu bahwa aku pernah berpacaran. Aku benar-benar takut dan cemas setelah beliau mengetahuinya.",Perasaan Sedih dan Kehilangan; Reaksi Terkejut dan Tidak Terduga; Perasaan Takut dan Kecemasan; Perasaan Sebelum Menghadapi Kejadian
"Beberapa waktu lalu, aku sempat pacaran diam-diam, karena ibuku memang melarangku pacaran sejak SMA. Saat beliau tahu, handphone dan tabletnya langsung disita. Bahkan semua chat dan percakapanku dengan mantan dibaca habis oleh ibuku. Aku merasa benar-benar tidak punya ruang pribadi.",Perasaan Sedih dan Kehilangan; Reaksi Terkejut dan Tidak Terduga; Perasaan Takut dan Kecemasan; Perasaan Marah dan Frustasi
"Aku marah, Kak. Tapi aku juga takut. Aku tahu ibuku ingin aku fokus kuliah, tapi aku juga merasa seperti tidak bisa jadi diri sendiri. Aku merasa terlalu dikekang.",Perasaan Percaya ; Perasaan Sedih dan Kehilangan; Perasaan Takut dan Kecemasan; Perasaan Marah dan Frustasi
"Tidak, Kak. Aku takut kalau aku mencoba bicara, malah tambah dimarahi atau dilarang lebih banyak hal lagi",Perasaan Benci dan Jijik; Perasaan Takut dan Kecemasan
Aku juga ingin bisa menghindari konflik. Tapi aku merasa seperti selalu salah di mata ibuku.,Perasaan Sedih dan Kehilangan; Perasaan Takut dan Kecemasan
"Itu masuk akal. Aku tidak mau terus-menerus merasa putus asa, jadi aku akan coba. Kak, ibuku menelepon. Aku harus angkat duluÂ",Perasaan Percaya ; Perasaan Sebelum Menghadapi Kejadian
"Aku pusing banget, Kak. Aku merasa kayak nggak punya waktu buat diri sendiri. Aku kuliah, magang, terus masih harus ngurus organisasi juga. Aku nggak tahu lagi harus gimanaÂ Aku kepikiran buat keluar dari organisasi, tapi aku nggak yakin keputusan itu benar.",Perasaan Sedih dan Kehilangan; Perasaan Takut dan Kecemasan; Perasaan Sebelum Menghadapi Kejadian
IyaÂ Awalnya aku nggak niat jadi ketua. Nama aku cuma dicantumin biar ada pilihan lebih dari satu. Tapi tiba-tiba aku malah yang kepilih,Perasaan Sedih dan Kehilangan; Reaksi Terkejut dan Tidak Terduga
"Awalnya biasa aja. Aku pikir bisa dijalanin. Tapi makin lama aku sadar kalau aku nggak punya cukup pengalaman, terus aku denger juga ada yang ngomongin aku di belakang. Katanya aku ketua yang nggak kerja.",Perasaan Percaya ; Perasaan Sedih dan Kehilangan; Perasaan Marah dan Frustasi; Perasaan Sebelum Menghadapi Kejadian
"IyaÂ padahal aku udah berusaha sebisa mungkin. Tapi tetap aja kayaknya aku kurang. Aku juga merasa alumni lebih mendukung kandidat lain waktu pemilihan dulu, jadi kayaknya mereka nggak suka aku dari awal",Perasaan Percaya ; Perasaan Sedih dan Kehilangan
"Awalnya aku pikir cuma perasaan, tapi lama-lama ada yang bilang kalau mereka memang lebih suka kandidat yang lain",Perasaan Percaya ; Perasaan Sedih dan Kehilangan
"Iya, KakÂ Aku jadi kepikiran terus, padahal aku juga udah capek sama kuliah dan kerja magang",Perasaan Sedih dan Kehilangan; Perasaan Marah dan Frustasi
"Magang itu sebenarnya lumayan membantu aku untuk biaya jajan, jadi aku nggak mau berhenti. Tapi jadinya aku harus pintar bagi waktu. Masalahnya, aku nggak bisa. Aku sering begadang, kurang tidur, bahkan pernah nggak tidur tiga hari.",Perasaan Benci dan Jijik; Rasa Syukur dan Apresiasi; Perasaan Sedih dan Kehilangan; Perasaan Takut dan Kecemasan; Perasaan Marah dan Frustasi
"Ya, tugas banyak banget. Ada tugas kuliah, terus harus nyiapin laporan buat magang, dan ada rapat organisasi. Aku ngerasa nggak bisa ninggalin salah satu, jadi akhirnya ya udah, begadang terus.",Perasaan Sedih dan Kehilangan; Perasaan Marah dan Frustasi; Perasaan Sebelum Menghadapi Kejadian
"SeringÂ Aku kepikiran keluar dari organisasi, tapi aku takut. Takut dibilang gagal, takut kalau aku malah bikin repot orang lain kalau pergi sekarang, takut juga kalau aku benar-benar berhenti, malah makin nggak ada yang mendukung aku.",Perasaan Sedih dan Kehilangan; Perasaan Takut dan Kecemasan; Perasaan Sebelum Menghadapi Kejadian
Ayah akuÂ dia masuk penjara bulan ini karena kasus di kantornya. Itu juga bikin aku makin kepikiran.,Perasaan Sedih dan Kehilangan
"Iya, aku jadi ngerasa harus lebih mandiri, nggak bisa terus bergantung sama keluarga. Aku harus cari cara buat bertahan sendiri.",Perasaan Sedih dan Kehilangan; Perasaan Sebelum Menghadapi Kejadian
"Ada sih beberapa teman, tapi aku nggak mau kelihatan lemah.",Perasaan Marah dan Frustasi
"Aku selalu kepikiran tentang apa yang orang lain pikirkan tentang aku. Kalau ada yang lihat aku sebentar aja, aku langsung mikirÂ Âapa mereka mikir aku aneh? Apa mereka nggak suka aku?Â Pokoknya overthinking terus.",Perasaan Takut dan Kecemasan; Perasaan Sebelum Menghadapi Kejadian
"Mungkin saat aku sedang bersama teman-teman atau di tempat umum. Aku sering merasa kalau mereka sedang menilai aku, terutama soal penampilan aku",Perasaan Takut dan Kecemasan
"IyaÂ aku tahu mungkin nggak semua orang benar-benar memperhatikan aku, tapi aku tetap nggak bisa menghilangkan pikiran itu.",Perasaan Percaya ; Perasaan Takut dan Kecemasan
"Iya, soalnya temanku sering cerita tentang masalah orang lain ke aku. Jadi aku kepikiran, gimana kalau dia juga cerita tentang aku ke orang lain?",Perasaan Percaya ; Perasaan Takut dan Kecemasan
"BelumÂ aku takut kalau aku ngomong, dia malah tersinggung dan jadi nggak mau temenan sama aku lagi.",Perasaan Sedih dan Kehilangan; Perasaan Takut dan Kecemasan
IyaÂ aku takut dibilang lebay atau nggak percaya sama dia.,Perasaan Takut dan Kecemasan
"IyaÂ aku ngerasa gemuk, jadi aku pengen kurusan. Tapi kata orang-orang, aku sebenarnya nggak gemuk.",Perasaan Sedih dan Kehilangan; Reaksi Terkejut dan Tidak Terduga
"YaÂ aku pengen ngerasa lebih percaya diri. Aku udah mulai diet, dan itu lumayan membantu aku ngerasa lebih baik.",Rasa Syukur dan Apresiasi; Perasaan Sebelum Menghadapi Kejadian
"Iya, Kak. Aku juga nggak mau terlalu ekstrim sihÂ cuma kadang masih kepikiran aja.",Perasaan Takut dan Kecemasan; Perasaan Sebelum Menghadapi Kejadian
YaÂ aku sering nunda-nunda. Ujung-ujungnya aku harus begadang buat ngerjain tugas mendekati deadline.,Perasaan Sedih dan Kehilangan
"Aku sudah mencoba beberapa kaliÂ sejak SMP. Aku nggak tahu kenapa, tapi rasanya aku nggak berguna dan lebih baik nggak ada saja.",Perasaan Sedih dan Kehilangan; Perasaan Marah dan Frustasi; Perasaan Sebelum Menghadapi Kejadian
"Sepertinya karena aku merasa tidak dihargai. Dari dulu aku selalu merasa nggak cukup baik. Aku selalu dibandingkan, selalu dimarahi, dan aku merasa nggak pernah dianggapÂ.",Perasaan Sedih dan Kehilangan; Reaksi Terkejut dan Tidak Terduga
Tapi suara-suara ituÂ mereka nggak berhenti. Aku dengar suara bapak-bapak atau kadang ibu-ibu yang menyuruh aku untuk mati.,Perasaan Takut dan Kecemasan
"Iya, aku mau coba",Perasaan Percaya 
"Aku masih ingat semuanyaÂ kejadian waktu aku TK, SD, bahkan SMP. Aku takut. Aku merasa kotor. Aku merasa seharusnya aku bilang ke orang lain, tapi aku takut dimarahi",Perasaan Sedih dan Kehilangan; Perasaan Takut dan Kecemasan
"Tapi aku masih merasa takutÂ aku masih ingat gang itu, aku masih ingat wajahnya. Aku merasa kalau aku lewat tempat itu, aku seperti kembali ke masa itu.",Perasaan Takut dan Kecemasan
"Aku merasa apapun yang aku lakukan nggak pernah cukup. Aku juara kelas, tapi dibandingin sama anak orang lain. Aku mau masuk arsitektur, tapi dilarang. Aku ngerasa nggak punya kendali atas hidupku sendiri.",Perasaan Sedih dan Kehilangan; Perasaan Marah dan Frustasi
"IyaÂ Aku nggak bisa bilang apa-apa ke mereka, karena mereka pasti bilang aku Âkurang bersyukurÂ atau aku ÂmelawanÂ kalau aku ngomong.",Perasaan Takut dan Kecemasan
"Iya, aku merasa seperti nggak bisa mengikuti pelajaran dengan baik. Aku sering nggak ngerti penjelasan dosen, terus akhirnya aku jadi malas untuk mendengarkan lebih lanjut. Kadang, aku merasa dosen suka menilai aku sebagai yang paling Ânggak bisaÂ di kelas, padahal ada yang lain juga sama seperti akuÂ",Perasaan Sedih dan Kehilangan
"Banget. Aku jadi ngerasa nggak pede buat jawab atau berpartisipasi, karena takut salah atau semakin dianggap bodoh",Perasaan Takut dan Kecemasan
"Aku sebenarnya punya teman, tapi lebih dekat dengan yang beda jurusan. Aku nggak tahu kenapa, rasanya lebih nyaman ngobrol sama mereka daripada sama teman-teman di kelas sendiri.",Perasaan Percaya ; Perasaan Sedih dan Kehilangan
"IyaÂ biasanya kalau aku merasa tertekan atau capek banget, aku mulai kepikiran buat nyakitin diri sendiri. Tapi aku nggak pernah benar-benar melakukannya, karena aku tahu itu salah",Perasaan Percaya ; Perasaan Sedih dan Kehilangan; Perasaan Marah dan Frustasi
"IyaÂ jadi misalnya aku lagi di tempat umum, tiba-tiba ada orang yang lihat aku, entah itu sengaja atau nggakÂ aku langsung kepikiran, 'Apa mereka tahu tentang aku? Apa mereka ngeh sama foto itu?'. Terus aku mulai dengar suara di kepala aku bilang kalau aku nggak pantas hidup, kalau semua orang pasti bakal ngejek akuÂ",Perasaan Takut dan Kecemasan
"Kadang aku coba buat nggak dengerin, tapi rasanya susah. Aku jadi panik, jantungku berdetak cepat, tanganku dingin, dan aku cuma mau cepat-cepat pergi. Kadang aku juga cuma bisa diam, nggak bisa bergerak, tapi di dalam kepalaku rasanya berantakan banget",Perasaan Takut dan Kecemasan; Perasaan Marah dan Frustasi
"IyaÂ aku takut kalau videonya viral terus ada yang ngeh sama aku. Aku takut ada yang ngomongin aku lagi, bilang kalau aku mirip sama foto ituÂ aku nggak mau orang-orang tahu masa laluku",Perasaan Takut dan Kecemasan
SudahÂ tapi aku belum berani upload. Aku takut.,Perasaan Takut dan Kecemasan
"Aku juga nggak tahu. Mungkin karena cowok lebih nggak ribet? Mereka nggak banyak basa-basi. TapiÂ aku juga kadang merasa aneh sendiri karena dulu aku trauma, tapi sekarang malah lebih nyaman dengan mereka.",Perasaan Percaya ; Rasa Syukur dan Apresiasi; Reaksi Terkejut dan Tidak Terduga; Perasaan Takut dan Kecemasan
"Aku tuh akhir-akhir ini merasa lelah banget, Kak. Aku ikut banyak kegiatan di UKM, dan itu membuat aku susah fokus di kuliah. Aku juga mulai mengalami panic attack, dan kayakÂ aku nggak bisa ngontrol semuanya.",Perasaan Sedih dan Kehilangan; Perasaan Takut dan Kecemasan
"Aku ikut UKM karena syarat beasiswa, Kak. Tapi sebenarnya aku juga suka kegiatan-kegiatan itu. Masalahnya, aku terlalu banyak mengambil tanggung jawab. Aku jadi wakil ketua di satu kepanitiaan, terus juga ketua di paduan suara UKMÂ semuanya jadi numpuk, dan aku nggak bisa fokus di kuliah.",Rasa Syukur dan Apresiasi; Perasaan Sedih dan Kehilangan; Perasaan Sebelum Menghadapi Kejadian
"Jujur aja, nilainya turun. Aku nggak bisa fokus pas kuis karena tiba-tiba dikasih tugas mendadak dari UKM. Jadi otakku tuh kayak kebagi-bagi terus.",Perasaan Sedih dan Kehilangan; Reaksi Terkejut dan Tidak Terduga; Perasaan Takut dan Kecemasan
"Rasanya panik, Kak. Aku jadi nggak bisa konsentrasi, dan malah makin stres. Aku kayak nggak bisa nolak juga, karena ada ekspektasi dari senior kalau aku harus bisa handle semuanya.",Perasaan Sedih dan Kehilangan; Reaksi Terkejut dan Tidak Terduga; Perasaan Takut dan Kecemasan; Perasaan Marah dan Frustasi
"Pertama kali pas aku dengar ibu bertengkar sama abangku di kos. Aku langsung ke-trigger karena dulu waktu kecil, rumah sering berantakan gara-gara pertengkaran di keluarga. Aku jadi ngerasa kayak kembali ke masa laluÂ tiba-tiba napas aku jadi berat, terus aku nggak bisa mikir jernih, semuanya ngeblank. Aku pingsan.",Perasaan Sedih dan Kehilangan; Perasaan Takut dan Kecemasan
Aku mau cerita soal mantanku duluÂ Aku ngerasa kayakÂ aku nggak bisa lepas dari dia.,Perasaan Sedih dan Kehilangan; Perasaan Takut dan Kecemasan
"Dulu, aku sama dia tuh cocok banget, Kak. Aku pikir dia orang yang bisa jadi pasangan serius buat aku. Tapi yaÂ setelah aku tahu dia selingkuh, aku jadi bingung. Aku marah, aku kecewa, tapi aku masih sayang. Aku nggak tahu harus gimanaÂ",Perasaan Benci dan Jijik; Perasaan Sedih dan Kehilangan; Reaksi Terkejut dan Tidak Terduga; Perasaan Marah dan Frustasi
"Aku kayak nggak percaya, Kak. Aku pikir, aku cukup buat dia. Aku pikir kita serius. Tapi nyatanya dia bisa dekat sama cewek lain dengan gampang.",Perasaan Percaya ; Reaksi Terkejut dan Tidak Terduga; Perasaan Marah dan Frustasi
"IyaÂ Aku masih sering kepo media sosialnya, kadang aku juga ketemu dia. Kami masih teman, sihÂ Tapi yaÂ aku nggak tahu ini sehat atau nggak buat aku.",Perasaan Percaya ; Rasa Syukur dan Apresiasi; Perasaan Sedih dan Kehilangan; Perasaan Takut dan Kecemasan
Aku mau cerita soal pacarku duluÂ Aku ngerasa kayakÂ aku itu nggak diprioritaskan sama dia.,Perasaan Sedih dan Kehilangan
"Dulu, awal-awal pacaran aku ngerasa diperhatikan banget. Tapi sekarang, dia jarang ngehubungin aku duluan. Kalau aku nggak chat, ya udah, dia juga nggak bakal ngehubungin. Terus kalau aku minta dijemput, dia mau sih, tapi kayakÂ ada syaratnya gitu. Kalau aku beliin dia bensin atau makanan, baru dia jemput. Kalau aku bilang aku nggak punya uang, dia tiba-tiba punya alasan buat nggak bisa ketemu.",Rasa Syukur dan Apresiasi; Perasaan Sedih dan Kehilangan
"Aku kesel, sih. Aku ngerasa kayak aku nggak sepenting itu buat dia. Tapi aku juga bingungÂ Aku sayang sama dia, Kak, tapi aku juga capek.",Perasaan Percaya ; Perasaan Sedih dan Kehilangan; Reaksi Terkejut dan Tidak Terduga; Perasaan Marah dan Frustasi
"Iya, kayak aku yang lebih effort dibanding dia. Aku pikir pacaran tuh harusnya bikin bahagia, tapi kenapa aku malah ngerasa kayak gini?",Perasaan Percaya ; Perasaan Sedih dan Kehilangan
"IyaÂ Aku ngerasa mama lebih perhatian ke adikku dibanding ke aku. Waktu aku sakit beberapa bulan lalu, dokter nyaranin aku buat dirawat, tapi mama lebih pilih buat adikku aja yang dirawat di rumah sakit. Aku cuma disuruh istirahat di rumah.",Perasaan Sedih dan Kehilangan; Reaksi Terkejut dan Tidak Terduga; Perasaan Takut dan Kecemasan
"Sedih banget, Kak. KayakÂ aku tuh nggak sepenting itu buat mereka. Aku juga sakit, aku juga butuh dirawat, tapi mereka lebih pilih adikku.",Perasaan Sedih dan Kehilangan
PernahÂ Aku bilang ke mama kalau aku juga butuh perhatian. Tapi dia bilang aku jangan banyak permintaan.,Perasaan Sedih dan Kehilangan
"Iya, KakÂ Makanya aku sering diem aja, aku lebih milih nggak cerita lagi ke mama soal perasaanku.",Perasaan Benci dan Jijik; Perasaan Sedih dan Kehilangan
Aku nggak suka ada di tempat ramai. Rasanya nggak nyaman. Aku lebih suka sendiriÂ,Perasaan Benci dan Jijik; Perasaan Sedih dan Kehilangan
"Dari kecil, kayaknya dari SDÂ Aku nggak suka main keluar, lebih nyaman di rumah aja.",Perasaan Benci dan Jijik; Perasaan Sedih dan Kehilangan
IyaÂ Di media sosial lebih gampang. Aku bisa ngobrol sama teman-temanku tanpa harus bertemu langsung.,Rasa Syukur dan Apresiasi; Perasaan Sebelum Menghadapi Kejadian
Mereka nggak melihat aku secara langsungÂ Jadi aku nggak perlu khawatir kelihatan aneh atau gimana.,Perasaan Takut dan Kecemasan; Perasaan Sebelum Menghadapi Kejadian
"Aku ngerasa kayak nggak ada yang benar-benar suka sama aku. Mereka pikir aku aneh karena aku pendiam, jadi aku lebih milih diem aja.",Perasaan Sedih dan Kehilangan
"Iya, mereka pasti mikir aku sombong. Tapi sebenernya aku cuma nggak tahu harus ngomong apa.",Perasaan Sedih dan Kehilangan; Perasaan Takut dan Kecemasan
"IyaÂ Aku memang ingin berbicara soal rasa takut yang sering muncul. Aku tidak tahu kenapa, tapi akhir-akhir ini aku gampang kaget dan cemas setiap saat, bahkan ketika sedang belajar di kamar.",Perasaan Takut dan Kecemasan; Perasaan Sebelum Menghadapi Kejadian
"Misalnya saat aku sedang belajar di kamar, tiba-tiba mendengar suara pintu dapur terbuka, aku langsung kaget dan merasa khawatir. Aku jadi selalu waspada seolah ada sesuatu yang buruk akan terjadi.",Perasaan Benci dan Jijik; Reaksi Terkejut dan Tidak Terduga; Perasaan Takut dan Kecemasan; Perasaan Sebelum Menghadapi Kejadian
"KayakÂ aku takut ketahuan sesuatu. Padahal aku nggak melakukan hal yang salah. Tapi ada rasa seperti dihantui sesuatu, kayak perasaan bersalah yang tidak hilang.",Perasaan Takut dan Kecemasan
"Mungkin sejak kejadian waktu SMA. Waktu itu, keluargaku melakukan ritual komunikasi dengan eyang yang katanya merasuki tubuh tanteku. Tiba-tiba, eyang bilang kalau kakakku sudah melakukan hal yang tidak senonoh dengan pacarnya. Aku benar-benar kagetÂ dan tambah takut karena ibu mendukung pernyataan itu.",Reaksi Terkejut dan Tidak Terduga
"kutÂ Aku takut kalau tiba-tiba aku juga ÂketahuanÂ. Aku tahu aku tidak melakukan hal sejauh kakakku, tapi pacarku dulu memang agak agresif mendekatiku. Aku berusaha menjaga batas, tapi tetap saja, aku takut tiba-tiba disebut melakukan sesuatu yang tidak benar. Aku nggak mau dipermalukan seperti kakakku.",Perasaan Benci dan Jijik; Perasaan Percaya ; Perasaan Takut dan Kecemasan; Perasaan Sebelum Menghadapi Kejadian
"Iya, aku takut bangetÂ Setiap hari rasanya seperti ada yang mengawasi dan menilai aku, padahal aku nggak ngapa-ngapain.",Perasaan Sedih dan Kehilangan; Perasaan Takut dan Kecemasan
"Aku merasa ibu tidak pernah memahami aku. Misalnya, waktu aku minta dijemput karena capek kuliah, ibu tetap nyuruh aku pulang naik ojek sendiri. Aku tahu ini mungkin sepele, tapi rasanya kayak aku harus selalu mandiri dan nggak boleh mengeluh. Selain itu, pernah juga saat ada diskusi keluarga tentang liburan, aku ingin ke Taman Safari karena belum pernah lihat binatang secara langsung. Tapi ibu bersikeras memilih Dufan dengan alasan Âaku dulu pernah bilang ingin ke DufanÂ. Aku mencoba menjelaskan, tapi malah ibu diam dan mendiamkan aku selama empat hari.",Perasaan Percaya ; Perasaan Sedih dan Kehilangan; Perasaan Sebelum Menghadapi Kejadian
"Kesel, sedih, merasa nggak dihargaiÂ Aku sering merasa seperti disalahkan hanya karena aku anak tengah. Aku merasa suara dan keinginanku tidak dianggap penting.",Perasaan Sedih dan Kehilangan; Reaksi Terkejut dan Tidak Terduga; Perasaan Marah dan Frustasi
"Aku merasa sulit berteman, sulit dihargai, dan juga merasa kesulitan dalam belajar sejak awal kuliah. Aku sudah coba beberapa cara untuk mengatasinya, tapi masih ada yang terasa kurang. Aku ingin tahu apakah yang aku lakukan sudah cukup atau masih perlu diperbaiki.",Perasaan Sedih dan Kehilangan; Perasaan Marah dan Frustasi
"Iya, awalnya aku merasa kaget dengan sistem belajar di kuliah. Dulu waktu sekolah, ujian hanya ada UTS dan UAS. Tapi di kuliah, setiap selesai satu blok materi, langsung ada ujian. Aku jadi kewalahan di awal semester karena harus cepat beradaptasi.",Perasaan Sedih dan Kehilangan; Reaksi Terkejut dan Tidak Terduga
"Aku mulai bikin to-do list dan mengatur waktu belajar. Setelah masuk semester kedua, aku sudah mulai terbiasa dan bisa mengikuti materi lebih baik.",Rasa Syukur dan Apresiasi; Perasaan Sebelum Menghadapi Kejadian
"Sejauh ini cukup membantu, tapi aku masih ingin tahu apakah ada cara lain yang bisa lebih efektif.",Rasa Syukur dan Apresiasi; Perasaan Sebelum Menghadapi Kejadian
"Aku merasa sulit menemukan teman yang satu frekuensi denganku. Aku lebih suka berteman dengan orang yang ada manfaatnya buatku. Kalau mereka pintar di bidang yang aku kurang, aku bisa belajar dari mereka. Tapi kalau menurutku mereka hanya menjadi beban, aku tidak terlalu tertarik untuk berteman dengan mereka.",Perasaan Benci dan Jijik; Perasaan Sedih dan Kehilangan; Perasaan Sebelum Menghadapi Kejadian
"Kayaknya aku dianggap kurang asik, kurang bisa diajak ngobrol hal-hal santai seperti soal perasaan atau kehidupan pribadi. Aku juga sulit berempati kalau mereka cerita soal pacar atau masalah pribadi.",Perasaan Benci dan Jijik; Perasaan Sedih dan Kehilangan
"Sejak SMP. Dulu teman-temanku bilang aku nggak asik karena nggak bisa diajak ngobrol soal pacaran atau hal-hal emosional. Dari situ, aku mulai menjauhi mereka dan hanya berteman dengan yang menurutku ÂbergunaÂ buatku.",Perasaan Sedih dan Kehilangan; Perasaan Sebelum Menghadapi Kejadian
"Sejak kecil, aku merasa tidak ada yang spesial dalam diriku. Orang tuaku sering bilang aku tidak cantik. Rambutku mengembang dan keriting, ibuku tidak suka, jadi sejak kecil aku selalu disuruh rebonding. Sampai sekarang, aku merasa tidak nyaman dengan rambutku sendiri.",Perasaan Benci dan Jijik; Perasaan Sedih dan Kehilangan
IyaÂ Aku merasa tidak berharga karena dari kecil aku dianggap ÂkurangÂ oleh keluargaku sendiri.,Perasaan Sedih dan Kehilangan
"Ya, aku memang agak terganggu. Saat orientasi kemarin, ada beberapa momen di mana aku merasa ditegur dengan nada yang keras, dan itu bikin aku langsung tegang. Aku jadi emosional, merasa nggak nyaman, dan seperti tertekan",Perasaan Benci dan Jijik; Perasaan Takut dan Kecemasan
"Seperti ada sesuatu yang langsung menghantam dadakuÂ Aku merasa seperti kembali ke masa-masa dulu, ketika ayah sering menegurku dengan keras. Dulu, kalau aku melakukan sesuatu yang tidak sesuai dengan harapan orang tua, terutama ayah, aku bisa ditegur habis-habisan. Aku tahu maksudnya baik, tapi tetap saja aku merasa sulit.",Perasaan Percaya ; Perasaan Sedih dan Kehilangan; Perasaan Takut dan Kecemasan
"IyaÂ Dulu aku merasa gagal terus di mata ayah. Ada masa di mana aku melakukan banyak hal yang dia tidak setujui, dan itu membuat hubungan kami memburuk. Aku tahu sebagai anak pertama aku harus jadi contoh, harus bisa memenuhi ekspektasi keluarga. Apalagi ayah praktisi hukum, jadi dia ingin aku serius di bidang ini.",Perasaan Percaya ; Perasaan Sedih dan Kehilangan; Perasaan Takut dan Kecemasan; Perasaan Marah dan Frustasi
"AwalnyaÂ aku rasa karena ayah. Aku ingin membuktikan bahwa aku bisa berhasil dan bisa membuatnya bangga. Tapi lama-lama, aku mulai merasa tertarik juga. Aku suka beberapa mata kuliahnya dan mulai merasa nyaman. Aku sering diskusi dengan ayah soal hukum sekarang, dan itu membuat hubungan kami membaik. Aku ingin sukses di bidang ini, bukan hanya untuk ayah, tapi juga untuk diriku sendiri.",Rasa Syukur dan Apresiasi; Reaksi Terkejut dan Tidak Terduga; Perasaan Sebelum Menghadapi Kejadian
"IyaÂ Kadang aku takut kalau aku gagal, ayah bakal kecewa lagi. Aku nggak mau mengecewakan dia lagi seperti dulu",Perasaan Takut dan Kecemasan; Perasaan Sebelum Menghadapi Kejadian
Mungkin lebih ke perasaan dalam diriku sendiriÂ Aku hanya ingin memastikan kalau aku bisa melakukan yang terbaik.,Perasaan Sedih dan Kehilangan; Perasaan Sebelum Menghadapi Kejadian
"Segalanya terasa berat. Aku tidak bisa menyelesaikan tugas-tugasku dengan baik, aku selalu menunda pekerjaan, dan semakin lama semakin banyak yang tertumpuk. Aku juga sadar kalau teman-temanku sudah mulai kesal karena aku kurang bisa berkontribusi dalam tugas kelompok.",Perasaan Sedih dan Kehilangan
"Aku mulai mengerjakan tugas, lalu entah bagaimana aku malah terdistraksi. Kadang aku malah bermain handphone, membaca novel, atau tiba-tiba aku merasa mengantuk dan memilih tidur. Saat sadar sudah larut malam, aku panik dan buru-buru mengerjakan, tapi tetap tidak selesai.",Perasaan Benci dan Jijik; Perasaan Sedih dan Kehilangan; Perasaan Takut dan Kecemasan
"Aku merasa sangat bersalahÂ Aku tahu ini salahku, tapi aku tidak bisa mengendalikan diri. Aku hanya ingin berhenti merasa seperti ini.",Perasaan Percaya ; Perasaan Sedih dan Kehilangan; Perasaan Takut dan Kecemasan; Perasaan Sebelum Menghadapi Kejadian
"Mereka mulai mengeluh kalau aku kurang berkontribusi. Beberapa dari mereka mencoba mengingatkanku soal tugas, tapi aku tetap tidak bisa mengerjakan dengan baik. Aku minta maaf, tapi aku tetap mengulangi kesalahan yang sama.",Perasaan Benci dan Jijik; Perasaan Sedih dan Kehilangan; Perasaan Takut dan Kecemasan
"Aku merasa semakin buruk. Aku juga sering berbohong untuk menghindari masalahÂ Aku sudah melakukannya sejak SD. Aku bilang ke guru kalau aku sudah mengumpulkan tugas tapi gurunya yang lupa, atau aku meyakinkan ibu bahwa tugas sudah selesai padahal tidak.",Perasaan Benci dan Jijik; Perasaan Takut dan Kecemasan; Perasaan Sebelum Menghadapi Kejadian
"Aku takut dimarahi. Aku benci kalau orang marah padakuÂ Aku pernah ketahuan berbohong dan akibatnya malah lebih parah, tapi tetap saja aku terus melakukannya. Aku seperti refleks berbohong setiap kali merasa terancam.",Perasaan Benci dan Jijik; Perasaan Takut dan Kecemasan
"Ibu sering marahÂ Kalau dia tahu aku tidak mengumpulkan tugas, dia akan berteriak, menjambak, atau memukulku dengan sapu. Aku sangat takut setiap kali dia marah.",Perasaan Percaya ; Perasaan Takut dan Kecemasan
"TidakÂ Aku tidak berani. Aku pernah menangis saat dimarahi dan tiba-tiba aku mulai melanturÂ Aku bahkan tidak sadar apa yang aku katakan, tapi aku merasa sangat sakit dan kesepian saat itu.",Perasaan Sedih dan Kehilangan; Perasaan Takut dan Kecemasan
"Ia kagetÂ Dia menangis dan meminta maaf, bahkan akhirnya setuju untuk membiarkan aku mencari bantuan psikolog. Tapi aku tetap takut kalau semuanya akan kembali seperti dulu.",Reaksi Terkejut dan Tidak Terduga; Perasaan Takut dan Kecemasan
"Aku merasa semakin sulit bergaul dengan teman-temanku. Aku sudah mencoba untuk lebih terbuka, tetapi aku tetap merasa mereka tidak menghargai usaha yang aku lakukan. Aku juga merasa tertekan karena nilai IPK-ku tidak mencapai 4.00. Semua orang hanya mengenalku sebagai Âanak pintarÂ, dan aku takut kalau mereka akan berubah pandangan jika aku tidak mempertahankan itu.",Perasaan Sedih dan Kehilangan; Perasaan Takut dan Kecemasan; Perasaan Sebelum Menghadapi Kejadian
"Aku merasa mereka tidak memiliki common sense. Setiap kali aku pergi keluar dengan mereka, aku yang harus mengurus semuanya. Aku harus menyetir, memesan makanan, bahkan membayar untuk mereka. Aku tidak mengerti kenapa mereka tidak bisa lebih mandiri dan bertanggung jawab.",Perasaan Benci dan Jijik; Perasaan Marah dan Frustasi
Tidak. Aku tidak ingin terlihat lemah atau terlalu banyak menuntut. Aku pikir mereka seharusnya bisa mengerti sendiri tanpa aku harus mengatakan apa-apa.,Perasaan Percaya ; Perasaan Takut dan Kecemasan
"Ya, karena itu sudah sewajarnya. Tapi ternyata, tidak ada yang paham.",Perasaan Sedih dan Kehilangan; Perasaan Marah dan Frustasi
"Mungkin, tapi aku tetap merasa standar yang aku tetapkan itu benar. Aku tidak ingin menurunkan standar hanya demi bisa berteman dengan mereka.",Perasaan Percaya ; Perasaan Sebelum Menghadapi Kejadian
"Aku takut orang-orang akan menganggap aku tidak sepintar yang mereka pikirkan. Semua orang hanya mengenalku sebagai Âanak pintarÂ. Jika aku gagal mempertahankan itu, aku merasa mereka akan mulai meremehkan aku.",Perasaan Takut dan Kecemasan
"Aku tidak tahu... Aku takut kehilangan validasi dari mereka. Jika aku tidak pintar, lalu apa yang tersisa dari aku?",Perasaan Takut dan Kecemasan
"Iya, saya ingin belajar. Tapi saya merasa sulit untuk mengontrol perasaan saya.",Perasaan Marah dan Frustasi
"Saya belum tahu, Kak. Kadang saya ingin tetap bersama, tapi kadang saya berpikir mungkin lebih baik sendiri.",Perasaan Marah dan Frustasi
"Saya coba, tapi masih agak sulit fokus.",Perasaan Marah dan Frustasi
"Saya mencoba menenangkan diri dengan mengatakan ÂItÂs okay, ini cuma sebentar, pasti bisa kokÂ. Tapi tetap saja saya masih merasa cemas.",Perasaan Sebelum Menghadapi Kejadian
"Tidak, mereka justru berusaha memahami saya dan sering memberi motivasi supaya saya lebih tenang.",Rasa Syukur dan Apresiasi
"Tidak, Kak. Saya masih bisa mengendalikannya dan saya juga bisa mengabaikannya jika saya tidak ingin berbicara dengannya.",Perasaan Percaya 
"Saya sering merasa bahwa pencapaian saya tidak sebesar teman-teman saya. Saya melihat mereka bisa mengatur waktu dengan baik, selalu aktif di kelas, dan sepertinya tidak terlalu kesulitan menghadapi kuliah. Saya takut tidak bisa berperan dengan baik dalam kehidupan saya sendiri.",Perasaan Sedih dan Kehilangan; Reaksi Terkejut dan Tidak Terduga; Perasaan Sebelum Menghadapi Kejadian
Mungkin saya memang terlalu fokus pada kelemahan saya sendiriÂ,Perasaan Percaya 
"Iya, mereka selalu ingin saya menjadi kuat. Saya tidak ingin mengecewakan mereka, jadi saya hanya memendam semuanya.",Perasaan Percaya ; Perasaan Marah dan Frustasi
Saya tidak pernah melihatnya dari sudut pandang itu sebelumnya. Saya biasanya hanya menyalahkan diri sendiri.,Reaksi Terkejut dan Tidak Terduga
"Saya tidak ingin membicarakan terlalu banyak tentang itu, Kak. Saya hanya merasa malu. Itu adalah masa yang sangat buruk bagi saya.",Perasaan Benci dan Jijik; Perasaan Sedih dan Kehilangan
"Terima kasih, Kak. Saya tahu saya harus bisa menerima masa lalu, tapi rasanya sulit. Kadang saya merasa ingin melupakan semuanya, tapi di sisi lain saya takut orang lain akan terus mengingatnya.",Perasaan Percaya ; Perasaan Sedih dan Kehilangan; Perasaan Takut dan Kecemasan
"Saya diminta membuat video perkenalan di TikTok. Saya sudah membuatnya, tapi saya takut untuk mengunggahnya. Saya khawatir kalau ada yang melihatnya dan mengenali saya dari foto yang dulu tersebar.",Reaksi Terkejut dan Tidak Terduga; Perasaan Takut dan Kecemasan; Perasaan Sebelum Menghadapi Kejadian
Saya tidak tahu... mungkin saya akan merasa lebih lega. Tapi saya juga takut kalau ada yang mengomentari sesuatu yang menyakitkan,Perasaan Percaya ; Perasaan Sedih dan Kehilangan; Perasaan Takut dan Kecemasan
"Sejujurnya, saya tidak merasa bersalah. Saya lebih takut kalau teman-teman saya akan menilai saya buruk setelah kejadian itu.",Perasaan Benci dan Jijik; Perasaan Takut dan Kecemasan
"Mungkin ada, tapi saya belum tahu caranya. Saya sering merasa kalau saya tidak bisa mengendalikan reaksi saya ketika marah.",Reaksi Terkejut dan Tidak Terduga; Perasaan Takut dan Kecemasan
"Saya berasal dari SMK, dan di sana saya lebih banyak praktek daripada teori. Begitu masuk kuliah, saya kesulitan mengikuti mata kuliah yang penuh dengan hitungan seperti rangkaian listrik. Di semester 1 saya hanya mendapat nilai 16 untuk mata kuliah itu, tapi di semester 2 saya sudah berusaha lebih keras dan nilainya naik jadi 50.",Rasa Syukur dan Apresiasi; Perasaan Sedih dan Kehilangan
"Saya banyak bertanya kepada teman-teman yang lebih paham. Saya juga mencoba mengulang materi sendiri, tapi tetap terasa sulit bagi saya.",Perasaan Sedih dan Kehilangan; Perasaan Sebelum Menghadapi Kejadian
"Saya sebenarnya ingin mengikuti kelas tambahan atau bimbingan belajar, tapi saya ragu apakah saya masih bisa melanjutkan kuliah.",Perasaan Takut dan Kecemasan; Perasaan Sebelum Menghadapi Kejadian
"Saya ingin mencari pekerjaan yang masih berhubungan dengan bidang teknik atau pekerjaan yang bisa membantu saya menabung. Kalau bisa, saya ingin bekerja di Maranatha, mungkin sebagai asisten laboratorium atau posisi lain yang memungkinkan.",Perasaan Sebelum Menghadapi Kejadian
"Ayah saya pernah bilang bahwa saya ini aneh, bahwa saya merasakan hal yang tidak wajar.",Perasaan Sedih dan Kehilangan
"Biasanya muncul saat saya merasa sendirian. Ketika saya melihat teman-teman yang bisa bermain bersama, tapi saya tidak pernah diajak. Rasanya saya tidak dibutuhkan dan tidak ada yang peduli jika saya ada atau tidak.",Perasaan Sedih dan Kehilangan; Perasaan Takut dan Kecemasan; Perasaan Marah dan Frustasi
"Hanya ayah saya. Tapi seperti yang saya bilang, dia malah memarahi saya",Perasaan Sedih dan Kehilangan
"Saya ingin punya teman, tapi saya tidak tahu bagaimana memulainya.",Perasaan Sedih dan Kehilangan
Tapi saya takut mereka tidak akan peduli dengan saya.,Perasaan Takut dan Kecemasan
"Saya sebenarnya suka bahasa Mandarin dan budaya Cina, makanya saya mengambil program ini.",Rasa Syukur dan Apresiasi
Itu bisa dicoba. Saya ingin punya teman yang bisa mengerti saya.,Rasa Syukur dan Apresiasi
"Saya tidak tahu. Saya takut kalau saya mencoba lagi, saya akan dikhianati lagi.",Perasaan Takut dan Kecemasan
"Mungkin saya bisa mulai berbicara dengan teman di kampus yang sudah lama saya kenal. Saya tahu dia tidak pernah menjelek-jelekkan saya, tapi saya juga tidak pernah terlalu terbuka dengannya.",Perasaan Percaya ; Perasaan Sedih dan Kehilangan
Saya mengerti. Saya akan coba perlahan.,Perasaan Percaya 
Tapi bagaimana caranya? Saya masih merasa marah dan kecewa.,Perasaan Sedih dan Kehilangan; Perasaan Marah dan Frustasi
Tapi saya tidak tahu bagaimana cara mengekspresikannya dengan benar.,Perasaan Takut dan Kecemasan
"Pernah, tapi saya tidak begitu paham bagaimana cara melakukannya.",Perasaan Sedih dan Kehilangan
"Tapi saya takut kalau saya mengatakan itu, justru akan memperburuk hubungan saya dengan B dan teman-teman lainnya.",Perasaan Takut dan Kecemasan
"Baik, saya akan mencoba. Tapi mungkin saya butuh latihan dulu.",Perasaan Percaya 
"Iya. Saya takut kalau saya memaksa, saya akan dianggap membangkang atau tidak menghormati dosen.",Perasaan Takut dan Kecemasan
Orang tua saya tidak akan senang kalau saya pergi ke psikiater. Nenek saya dulu ke psikiater dan selalu diberi obat dalam jumlah banyak. Akhirnya dia malah terkena diabetes. Orang tua saya tidak ingin hal itu terjadi pada saya.,Perasaan Sedih dan Kehilangan; Perasaan Takut dan Kecemasan; Perasaan Sebelum Menghadapi Kejadian
Mungkin... Tapi saya juga tidak yakin. Saya tidak mau ada orang lain yang tahu soal ini.,Perasaan Sebelum Menghadapi Kejadian
"Oke, saya akan coba.",Perasaan Percaya 
"Itu susah, Kak. Saya bahkan tidak tahu harus mulai dari mana.",Perasaan Takut dan Kecemasan
"Iya, saya ingin tinggal hanya dengan ibu. Saya merasa lebih bisa bercerita kepadanya, meskipun kami juga sering bertengkar.",Perasaan Sebelum Menghadapi Kejadian
"Tidak, saya tidak mau ke psikiater. Saya tidak mau minum obat seperti nenek saya dulu.",Perasaan Benci dan Jijik
Tapi orang tua saya tidak akan setuju,Perasaan Percaya 
"Aku sebenarnya lebih bisa memahami materi jika belajar bersama. Tapi karena aku belum punya teman dekat di kampus, aku lebih banyak belajar sendiri.",Perasaan Sedih dan Kehilangan; Perasaan Sebelum Menghadapi Kejadian
Rasanya nyaman. Aku bisa cerita banyak hal tanpa merasa takut dihakimi.,Rasa Syukur dan Apresiasi
"Biasanya kalau aku ketahuan melanggar aturan yang ibuku buat. Kalau aku ketahuan pacaran, ikut organisasi, atau melakukan hal di luar akademik, pasti langsung dimarahi.",Perasaan Takut dan Kecemasan; Perasaan Sebelum Menghadapi Kejadian
"Maaf, Kak, ibuku marah besar. Aku harus pulang sekarang.",Perasaan Takut dan Kecemasan
"Mungkin aku harus coba, ya?",Perasaan Percaya 
Aku mauÂ tapi aku nggak tahu gimana caranya.,Perasaan Sebelum Menghadapi Kejadian
Aku mauÂ tapi aku takut.,Perasaan Takut dan Kecemasan
"Mungkin karena aku merasa mereka lebih kompetitif? Aku ngerasa nggak punya tempat di sana. Aku takut kalau aku berusaha lebih keras, aku malah dinilai sok atau jadi saingan mereka.",Perasaan Sedih dan Kehilangan; Perasaan Takut dan Kecemasan
"Aku belum pernah coba, tapi aku mau coba kalau itu bisa membantu.",Perasaan Percaya ; Reaksi Terkejut dan Tidak Terduga
"Iya, KakÂ Aku jadi takut kalau kejadian itu bakal terulang lagi.",Perasaan Takut dan Kecemasan
"Kayaknya lebih banyak negatifnya, Kak. Aku jadi overthinking terus. KayakÂ dia masih peduli nggak, ya? Atau aku cuma jadi cadangan buat dia?",Perasaan Sedih dan Kehilangan; Perasaan Sebelum Menghadapi Kejadian
"Sebagian besar sih karena mantanku, tapi ada juga karena kuliah. Aku jadi nggak fokus, Kak. Aku gampang terdistraksi, sering kepikiran mantanku pas lagi belajar atau pas di kampus.",Perasaan Sedih dan Kehilangan; Perasaan Takut dan Kecemasan
"KayaknyaÂ nggak, Kak. Tapi aku juga nggak tahu harus gimana.",Perasaan Sebelum Menghadapi Kejadian
"Aku suka nulisÂ Tapi kadang kalau aku udah terlalu sedih, aku malah nyakitin diri sendiri.",Perasaan Percaya ; Perasaan Takut dan Kecemasan
NggakÂ Aku takut kalau mereka nggak mau ngobrol balik atau malah cuek.,Perasaan Takut dan Kecemasan
Mungkin bisa dicobaÂ Tapi gimana kalau mereka nggak balas?,Perasaan Takut dan Kecemasan
"IyaÂ Kadang aku berpikir, apakah aku ini salah terus di mata mereka?",Perasaan Benci dan Jijik
IyaÂ Aku akan coba,Perasaan Percaya 
"Kadang nyaman, kadang nggak. Aku suka kalau punya teman yang bisa diajak diskusi soal akademik, tapi aku juga merasa ada sesuatu yang kurang. Kayak, kok rasanya aku tetap merasa nggak sepenuhnya diterima?",Rasa Syukur dan Apresiasi; Perasaan Sedih dan Kehilangan
"Nggak pernah. Aku merasa ibuku adalah sosok yang sulit aku dekati. Aku ingin dekat, tapi nggak tahu bagaimana caranya.",Perasaan Takut dan Kecemasan
"Itu masuk akalÂ Aku ingin sukses bukan hanya karena ayah, tapi juga karena aku suka bidang ini.",Rasa Syukur dan Apresiasi
"Aku biasanya menyendiri, mendengarkan musik, atau menulis jurnal. Tapi kadang aku hanya menahan semuanya sendiri dan itu rasanya nggak enak.",Perasaan Sedih dan Kehilangan; Perasaan Sebelum Menghadapi Kejadian
Itu terdengar lebih terarahÂ Aku bisa coba itu!,Perasaan Percaya 
"Ya, mungkin seperti itu.",Perasaan Percaya 
Aku tidak tahu. Aku tidak terbiasa memikirkan hal-hal seperti itu.,Perasaan Sebelum Menghadapi Kejadian
Itu masuk akal. Saya memang sering merasa seperti membeku saat dimarahi.,Perasaan Marah dan Frustasi
"Iya, saya pikir itu satu-satunya cara agar saya bisa membantu keluarga dan tidak terlalu membebani mereka.",Perasaan Marah dan Frustasi
"Itu masuk akal, Kak. Saya memang selalu berpikir bahwa saya akan dipermalukan, padahal kenyataannya teman-teman saya baik-baik saja.",Perasaan Sebelum Menghadapi Kejadian
"Oke, Kak.",Perasaan Takut dan Kecemasan
"IyaÂ aku tahu ini nggak baik, tapi selalu aja kejadian kayak gini.",Perasaan Marah dan Frustasi
Biasanya saat aku sendirianÂ atau saat aku merasa sangat stres. Terutama kalau aku sedang diperlakukan tidak adil oleh orang tua atau saat aku diingatkan tentang masa lalu.,Perasaan Marah dan Frustasi
"Ada, aku nggak suka pelajaran yang terlalu banyak hitung-hitungan atau yang harus ngapalin rumus-rumus. Kalau mata kuliah itu, aku langsung kehilangan semangat buat belajar.",Perasaan Marah dan Frustasi
Kayaknya bisa dicobaÂ tapi aku takut kalau mereka nggak nerima aku.,Perasaan Marah dan Frustasi
NggakÂ biasanya aku cuma menyendiri aja sampai perasaannya hilang sendiri.,Perasaan Marah dan Frustasi
Itu masuk akal sihÂ aku nggak pernah coba cara-cara itu sebelumnya.,Perasaan Sebelum Menghadapi Kejadian
"WahÂ ternyata ini lumayan membantu, ya.",Perasaan Sebelum Menghadapi Kejadian
"Wah, aku jadi lebih tenangÂ Aku bakal coba latihan ini kalau panik lagi.",Perasaan Sebelum Menghadapi Kejadian
"Belum sihÂ Aku biasanya malah tenggelam di media sosial, stalking dia atau nge-scroll tanpa tujuan.",Perasaan Marah dan Frustasi
"WowÂ aku jadi lebih tenang, Kak.",Perasaan Sebelum Menghadapi Kejadian
OkeÂ Aku coba deh.,Perasaan Percaya 
BelumÂ Tapi aku biasanya mendengarkan musik atau menyendiri.,Perasaan Sebelum Menghadapi Kejadian
Rasanya lebih enakÂ Kayaknya aku bisa coba ini kalau sedang cemas.,Perasaan Sebelum Menghadapi Kejadian
"Iya, mereka baik. Aku merasa nyaman, tapi kadang aku masih ragu untuk cerita lebih banyak",Perasaan Marah dan Frustasi; Perasaan Sebelum Menghadapi Kejadian
YaÂ Aku mau mencoba.,Perasaan Percaya 
"Oke, aku bisa coba itu.",Perasaan Percaya 
Itu terdengar masuk akalÂ Aku sering merasa kewalahan kalau harus mengerjakan semuanya sekaligus.,Perasaan Sebelum Menghadapi Kejadian
"Aku tidak tahu apakah itu akan membantu, tapi aku bisa mencobanya.",Perasaan Sebelum Menghadapi Kejadian
"Aku tidak yakin bisa melakukannya. Aku merasa kalau aku menurunkan standar, aku akan ikut menjadi seperti mereka.",Perasaan Marah dan Frustasi
Aku akan coba memikirkannya... Tapi aku masih merasa sulit untuk benar-benar mengubah cara pandangku.,Perasaan Marah dan Frustasi
"Saya mencoba, tapi saya masih kesulitan fokus.",Perasaan Marah dan Frustasi
Saya merasa lebih nyaman. Saya paling suka gerakan menyentuh dada dengan lembut dan memeluk diri sendiri.,Perasaan Sebelum Menghadapi Kejadian
Saya merasa lebih tenang setelah melakukan ini.,Perasaan Sebelum Menghadapi Kejadian
"Saya merasa lebih tenang setelah mencoba ini, Kak.",Perasaan Sebelum Menghadapi Kejadian
"Iya, itu benar. Saya memang menikmati perkuliahan, walaupun saya masih beradaptasi.",Perasaan Sebelum Menghadapi Kejadian
Saya merasa lebih tenang setelah mencoba ini.,Perasaan Sebelum Menghadapi Kejadian
"Saya suka latihan ini, Kak. Saya merasa lebih baik setelah mengatakannya.",Perasaan Sebelum Menghadapi Kejadian
Itu terdengar mudah. Saya akan mencobanya jika merasa marah lagi.,Perasaan Percaya 
"Itu terdengar seperti ide yang baik. Saya tidak ingin terus menyimpan dendam, tapi saya juga tidak mau berhubungan lagi dengannya.",Perasaan Sedih dan Kehilangan
"Itu terdengar lebih sopan, tapi tetap menyampaikan apa yang saya inginkan ya?",Perasaan Percaya ; Perasaan Sebelum Menghadapi Kejadian
"Itu bisa dicoba, Kak. Tapi aku takut orang-orang sudah punya kelompoknya masing-masing.",Perasaan Percaya ; Perasaan Takut dan Kecemasan
"Aku akan coba lebih aktif berbicara, Kak.",Perasaan Percaya ; Perasaan Sebelum Menghadapi Kejadian
"Baik, Kak. Mungkin aku bisa mulai melukis atau jalan-jalan sebentar untuk mengurangi stres.",Perasaan Percaya 
Hmm... aku tidak tahu apakah itu bisa berhasil. Tapi mungkin aku bisa mencoba.,Perasaan Percaya ; Perasaan Takut dan Kecemasan
"Tidak usah, Kak. Aku takut nanti malah tambah parah. Aku akan coba bicara sendiri nanti.",Perasaan Percaya ; Perasaan Takut dan Kecemasan
"Journaling? Aku tidak terbiasa menulis tentang diriku sendiri, Kak.",Perasaan Sedih dan Kehilangan
Oke... Saya akan pikirkan lagi.,Perasaan Sebelum Menghadapi Kejadian
Mungkin... Saya tidak tahu. Saya harus berpikir dulu.,Perasaan Sebelum Menghadapi Kejadian
"Baik, aku akan mencobanya.",Perasaan Percaya 
"Baik, Kak. Terima kasih banyak.",Rasa Syukur dan Apresiasi
"Iya, Kak. Aku bakal coba. Terima kasih sudah mendengarkan.",Perasaan Percaya ; Rasa Syukur dan Apresiasi
"Iya, Kak. Itu kayaknya bisa membantu banget.",Rasa Syukur dan Apresiasi
"Terima kasih, Kak. Aku nggak nyangka aku bisa cerita sejauh iniÂ",Rasa Syukur dan Apresiasi
"Terima kasih, Kak. Aku akan coba semuanya, semoga bisa lebih baik.",Rasa Syukur dan Apresiasi; Perasaan Sebelum Menghadapi Kejadian
"Iya, Kak. Aku bakal cobaÂ Aku juga mau lanjut konseling sih, mungkin ini bisa membantu aku pelan-pelan.",Perasaan Sebelum Menghadapi Kejadian
"Iya, Kak. Aku akan coba semuanya. Aku jadi merasa lebih punya kendali atas situasi ini.",Rasa Syukur dan Apresiasi; Perasaan Sebelum Menghadapi Kejadian
"IyaÂ Aku akan coba, Kak. Terima kasih sudah mendengarkan aku.",Perasaan Percaya ; Rasa Syukur dan Apresiasi
"IyaÂ Aku akan coba, Kak. Terima kasih sudah mendengarkan aku.",Perasaan Percaya ; Rasa Syukur dan Apresiasi
"Iya, aku akan cobaÂ Terima kasih, Kak.",Perasaan Percaya 
"Iya, aku merasa lebih lega setelah bicara ini. Terima kasih, Kak",Rasa Syukur dan Apresiasi
"Iya, aku akan coba. Aku merasa lebih lega setelah membicarakannya.",Rasa Syukur dan Apresiasi
"Terima kasih juga, Kak. Aku merasa lebih lega setelah membicarakannya. Aku akan coba mulai menulis jurnal dan lebih terbuka dengan teman-temanku.",Rasa Syukur dan Apresiasi; Perasaan Sebelum Menghadapi Kejadian
Itu sulitÂ Tapi aku bisa coba.,Perasaan Sebelum Menghadapi Kejadian
"Terima kasih, Kak. Aku merasa sedikit lebih legaÂ Walaupun aku tahu ini tidak akan mudah.",Perasaan Percaya ; Rasa Syukur dan Apresiasi
"Aku rasa cukup untuk hari ini. Aku merasa lebih baik setelah berbicara, meskipun aku masih belum yakin dengan semuanya.",Rasa Syukur dan Apresiasi; Perasaan Takut dan Kecemasan
"Baik, aku akan mencoba. Terima kasih, Kak.",Perasaan Percaya ; Rasa Syukur dan Apresiasi
