question,intent
Saya merasa dikhianati oleh orang yang saya percayai di gereja,Perasaan Benci dan Jijik
Saya merasa ada banyak hal yang mengganggu pikiran saya.,Perasaan Benci dan Jijik
"Saya sering menghindari komunikasi dengan dia, misalnya tidak membalas chat dan menjauh tanpa alasan yang jelas.",Perasaan Benci dan Jijik
Sampai akhirnya bulan lalu dia bilang ingin break untuk introspeksi diri.,Perasaan Benci dan Jijik
"Sejak itu, saya tidak pernah lagi bercerita kepada orang tua saya.",Perasaan Benci dan Jijik
Saya biasanya berusaha untuk tidak memperdulikan ayah dan lebih dekat dengan ibu. ,Perasaan Benci dan Jijik
Saya juga merasa sering menyalahkan diri sendiri dan sulit mengekspresikan emosi saya.,Perasaan Benci dan Jijik
mendengar suara yang mengatakan 'kamu tidak layak dicintai',Perasaan Benci dan Jijik
"Saya biasanya mengabaikannya, ",Perasaan Benci dan Jijik
tapi juga merasa bersalah. ,Perasaan Benci dan Jijik
Saya hanya diam. ,Perasaan Benci dan Jijik
Saya tidak ingin terlalu dekat dengan siapa pun sekarang.,Perasaan Benci dan Jijik
Rasanya seperti lebih baik menjauh dari semua orang daripada harus dikhianati lagi.,Perasaan Benci dan Jijik
Saya hanya diam dan berpura-pura tidak tahu. ,Perasaan Benci dan Jijik
Saya tidak ingin terlihat lemah di hadapan B.,Perasaan Benci dan Jijik
Saya tidak suka dan merasa dia terlalu menempel.,Perasaan Benci dan Jijik
saya tidak suka rasanya. ,Perasaan Benci dan Jijik
itu sangat mengganggu.,Perasaan Benci dan Jijik
Tidak! Saya tidak mau ke psikiater,Perasaan Benci dan Jijik
"Tetap saja, saya tidak ingin orang tua saya tahu.",Perasaan Benci dan Jijik
dibandingkan dengan yang lain.,Perasaan Benci dan Jijik
"Tidak, Kak. ",Perasaan Benci dan Jijik
jadi aku nggak mau berhenti,Perasaan Benci dan Jijik
 aku kecewa,Perasaan Benci dan Jijik
aku lebih milih nggak cerita lagi ke mama soal perasaanku.,Perasaan Benci dan Jijik
Aku nggak suka ada di tempat ramai. ,Perasaan Benci dan Jijik
Aku nggak suka main keluar,Perasaan Benci dan Jijik
kayak perasaan bersalah yang tidak hilang.,Perasaan Benci dan Jijik
Aku nggak mau dipermalukan seperti kakakku.,Perasaan Benci dan Jijik
"Tapi kalau menurutku mereka hanya menjadi beban, aku tidak terlalu tertarik untuk berteman dengan mereka.",Perasaan Benci dan Jijik
Aku juga sulit berempati kalau mereka cerita soal pacar atau masalah pribadi.,Perasaan Benci dan Jijik
jadi sejak kecil aku selalu disuruh rebonding. ,Perasaan Benci dan Jijik
"Ya, aku memang agak terganggu. ",Perasaan Benci dan Jijik
"Kadang aku malah bermain handphone, membaca novel, atau tiba-tiba aku merasa mengantuk dan memilih tidur. ",Perasaan Benci dan Jijik
tapi aku tetap mengulangi kesalahan yang sama.,Perasaan Benci dan Jijik
Aku merasa semakin buruk. ,Perasaan Benci dan Jijik
Aku benci kalau orang marah padaku… ,Perasaan Benci dan Jijik
Aku merasa mereka tidak memiliki common sense. Aku tidak mengerti kenapa mereka tidak bisa lebih mandiri dan bertanggung jawab.,Perasaan Benci dan Jijik
Saya tidak ingin membicarakan terlalu banyak tentang itu,Perasaan Benci dan Jijik
"Sejujurnya, saya tidak merasa bersalah. ",Perasaan Benci dan Jijik
"Tidak, saya tidak mau ke psikiater. ",Perasaan Benci dan Jijik
"Kadang aku berpikir, apakah aku ini salah terus di mata mereka?",Perasaan Benci dan Jijik
Maaf aku telat tadi,Perasaan Percaya 
"Baik kak, tapi ya, seperti yang aku bilang di kuesioner",Perasaan Percaya 
"Saya sudah merasa seperti ini sejak lama, mungkin sejak SD. ",Perasaan Percaya 
Kadang dia hanya mengajak saya berbicara atau menanyakan perasaan saya.,Perasaan Percaya 
Itu mungkin bisa membantu,Perasaan Percaya 
"Itu bisa jadi ide yang bagus, Kak. ",Perasaan Percaya 
"Saya tidak tahu apakah itu mungkin, tapi saya ingin mencobanya. ",Perasaan Percaya 
"Terima kasih, Kak",Perasaan Percaya 
Mungkin... saya bisa mencoba.,Perasaan Percaya 
"Jadi, saya punya seorang kakak laki-laki di gereja yang sudah saya anggap sebagai kakak sendiri. ",Perasaan Percaya 
"Di chat itu, saya pernah bilang kalau saya tidak ingin berteman dengan orang lain selain yang sudah dekat dengan saya. ",Perasaan Percaya 
"Baik, Kak.",Perasaan Percaya 
"Baiklah, saya akan coba menuliskannya",Perasaan Percaya 
Aku mencoba lebih membuka diri,Perasaan Percaya 
tapi setidaknya aku tidak lagi merasa terlalu sendirian.,Perasaan Percaya 
"Baik, aku akan coba.",Perasaan Percaya 
Aku masih sering berkomunikasi dengannya. ,Perasaan Percaya 
Aku tahu ibuku ingin aku fokus kuliah,Perasaan Percaya 
Itu masuk akal. ,Perasaan Percaya 
Awalnya biasa aja,Perasaan Percaya 
Iya… padahal aku udah berusaha sebisa mungkin. ,Perasaan Percaya 
Awalnya aku pikir cuma perasaan,Perasaan Percaya 
Iya… aku tahu mungkin nggak semua orang benar-benar memperhatikan aku,Perasaan Percaya 
"Iya, soalnya temanku sering cerita tentang masalah orang lain ke aku. ",Perasaan Percaya 
"Iya, aku mau coba",Perasaan Percaya 
"Aku sebenarnya punya teman, tapi lebih dekat dengan yang beda jurusan. ",Perasaan Percaya 
"Tapi aku nggak pernah benar-benar melakukannya, karena aku tahu itu salah",Perasaan Percaya 
Mungkin karena cowok lebih nggak ribet? ,Perasaan Percaya 
"Aku pikir, aku cukup buat dia. ",Perasaan Percaya 
"Kami masih teman, sih… ",Perasaan Percaya 
"Aku sayang sama dia, Kak",Perasaan Percaya 
Aku pikir pacaran tuh harusnya bikin bahagia,Perasaan Percaya 
Aku tahu aku tidak melakukan hal sejauh kakakku,Perasaan Percaya 
Aku tahu ini mungkin sepele,Perasaan Percaya 
Aku tahu maksudnya baik,Perasaan Percaya 
"Aku tahu sebagai anak pertama aku harus jadi contoh, harus bisa memenuhi ekspektasi keluarga. ",Perasaan Percaya 
Aku tahu ini salahku,Perasaan Percaya 
"Kalau dia tahu aku tidak mengumpulkan tugas, dia akan berteriak, menjambak, atau memukulku dengan sapu. ",Perasaan Percaya 
Aku pikir mereka seharusnya bisa mengerti sendiri tanpa aku harus mengatakan apa-apa.,Perasaan Percaya 
"Mungkin, tapi aku tetap merasa standar yang aku tetapkan itu benar.",Perasaan Percaya 
Saya masih bisa mengendalikannya dan saya juga bisa mengabaikannya jika saya tidak ingin berbicara dengannya.,Perasaan Percaya 
Mungkin saya memang terlalu fokus pada kelemahan saya sendiri…,Perasaan Percaya 
"Iya, mereka selalu ingin saya menjadi kuat. ",Perasaan Percaya 
Saya tahu saya harus bisa menerima masa lalu,Perasaan Percaya 
mungkin saya akan merasa lebih lega. ,Perasaan Percaya 
"Saya tahu dia tidak pernah menjelek-jelekkan saya, tapi saya juga tidak pernah terlalu terbuka dengannya.",Perasaan Percaya 
Saya mengerti. Saya akan coba perlahan.,Perasaan Percaya 
"Baik, saya akan mencoba. Tapi mungkin saya butuh latihan dulu.",Perasaan Percaya 
"Oke, saya akan coba.",Perasaan Percaya 
Tapi orang tua saya tidak akan setuju,Perasaan Percaya 
"Mungkin aku harus coba, ya?",Perasaan Percaya 
tapi aku mau coba kalau itu bisa membantu.,Perasaan Percaya 
Aku suka nulis… ,Perasaan Percaya 
Iya… Aku akan coba,Perasaan Percaya 
Itu terdengar lebih terarah… Aku bisa coba itu!,Perasaan Percaya 
"Ya, mungkin seperti itu.",Perasaan Percaya 
Oke… Aku coba deh.,Perasaan Percaya 
Ya… Aku mau mencoba.,Perasaan Percaya 
"Oke, aku bisa coba itu.",Perasaan Percaya 
Saya akan mencobanya jika merasa marah lagi.,Perasaan Percaya 
tapi tetap menyampaikan apa yang saya inginkan ya?,Perasaan Percaya 
"Itu bisa dicoba, Kak. ",Perasaan Percaya 
Mungkin aku bisa mulai melukis atau jalan-jalan sebentar untuk mengurangi stres.,Perasaan Percaya 
Mungkin aku bisa mulai melukis atau jalan-jalan sebentar untuk mengurangi stres.,Perasaan Percaya 
Tapi mungkin aku bisa mencoba.,Perasaan Percaya 
Aku akan coba bicara sendiri nanti.,Perasaan Percaya 
"Baik, aku akan mencobanya.",Perasaan Percaya 
"Iya, Kak. Aku bakal coba.",Perasaan Percaya 
"Iya… Aku akan coba, Kak. ",Perasaan Percaya 
"Iya… Aku akan coba, Kak.",Perasaan Percaya 
"Iya, aku akan coba…",Perasaan Percaya 
Walaupun aku tahu ini tidak akan mudah.,Perasaan Percaya 
"Baik, aku akan mencoba. ",Perasaan Percaya 
"Saya merasa baik-baik saja, Kak.",Rasa Syukur dan Apresiasi
Saya merasa lebih baik,Rasa Syukur dan Apresiasi
Saya merasa cukup baik hari ini,Rasa Syukur dan Apresiasi
Hari ini rasanya sedikit lebih baik,Rasa Syukur dan Apresiasi
hari ini aku merasa sedikit lebih baik,Rasa Syukur dan Apresiasi
"Halo kak, sebenarnya hari ini perasaanku lebih baik dibanding pertemuan sebelumnya",Rasa Syukur dan Apresiasi
"Iya, saya merasa lebih nyaman sendiri karena tidak ada tuntutan untuk selalu merespons seseorang. ",Rasa Syukur dan Apresiasi
"Ya, saya sebenarnya paham",Rasa Syukur dan Apresiasi
Sebenarnya mereka biasa saja,Rasa Syukur dan Apresiasi
Tidak ada yang mengejek atau mempermalukan saya.,Rasa Syukur dan Apresiasi
"Saya sering keluar berdua dengan ibu, dan itu membuat saya merasa lebih tenang.",Rasa Syukur dan Apresiasi
"Iya, saya merasa lebih bisa bercerita dengan ibu. ",Rasa Syukur dan Apresiasi
"Saya baik-baik saja, Kak. ",Rasa Syukur dan Apresiasi
agar saya merasa lebih baik.,Rasa Syukur dan Apresiasi
Ibu saya sangat bangga saya bisa kuliah di Maranatha,Rasa Syukur dan Apresiasi
"Saya selalu berusaha membantu dia, bahkan saat saya lelah atau waktu sudah malam. ",Rasa Syukur dan Apresiasi
Saya cukup senang karena nilai saya meningkat.,Rasa Syukur dan Apresiasi
Saya merasa sedikit lega,Rasa Syukur dan Apresiasi
"Iya, tapi tidak sesering sebelumnya",Rasa Syukur dan Apresiasi
tapi saya sudah mulai bisa mengabaikannya.,Rasa Syukur dan Apresiasi
Tapi saya lebih baik saat bersama ibu. ,Rasa Syukur dan Apresiasi
Magang itu sebenarnya lumayan membantu aku untuk biaya jajan,Rasa Syukur dan Apresiasi
"Aku udah mulai diet, dan itu lumayan membantu aku ngerasa lebih baik.",Rasa Syukur dan Apresiasi
 tapi sekarang malah lebih nyaman dengan mereka.,Rasa Syukur dan Apresiasi
Tapi sebenarnya aku juga suka kegiatan-kegiatan itu. ,Rasa Syukur dan Apresiasi
kadang aku juga ketemu dia. ,Rasa Syukur dan Apresiasi
"Dulu, awal-awal pacaran aku ngerasa diperhatikan banget. ",Rasa Syukur dan Apresiasi
Iya… Di media sosial lebih gampang. ,Rasa Syukur dan Apresiasi
"Setelah masuk semester kedua, aku sudah mulai terbiasa dan bisa mengikuti materi lebih baik.",Rasa Syukur dan Apresiasi
"Sejauh ini cukup membantu, ",Rasa Syukur dan Apresiasi
"Tapi lama-lama, aku mulai merasa tertarik juga. ",Rasa Syukur dan Apresiasi
mereka justru berusaha memahami saya dan sering memberi motivasi supaya saya lebih tenang.,Rasa Syukur dan Apresiasi
"Di semester 1 saya hanya mendapat nilai 16 untuk mata kuliah itu, tapi di semester 2 saya sudah berusaha lebih keras dan nilainya naik jadi 50",Rasa Syukur dan Apresiasi
"Saya sebenarnya suka bahasa Mandarin dan budaya Cina, makanya saya mengambil program ini.",Rasa Syukur dan Apresiasi
Saya ingin punya teman yang bisa mengerti saya.,Rasa Syukur dan Apresiasi
Aku bisa cerita banyak hal tanpa merasa takut dihakimi.,Rasa Syukur dan Apresiasi
Aku suka kalau punya teman yang bisa diajak diskusi soal akademik,Rasa Syukur dan Apresiasi
"Aku ingin sukses bukan hanya karena ayah, tapi juga karena aku suka bidang ini.",Rasa Syukur dan Apresiasi
"Baik, Kak. Terima kasih banyak.",Rasa Syukur dan Apresiasi
Terima kasih sudah mendengarkan.,Rasa Syukur dan Apresiasi
"Iya, Kak. Itu kayaknya bisa membantu banget.",Rasa Syukur dan Apresiasi
"Terima kasih, Kak. Aku nggak nyangka aku bisa cerita sejauh ini…",Rasa Syukur dan Apresiasi
"Terima kasih, Kak. ",Rasa Syukur dan Apresiasi
Aku jadi merasa lebih punya kendali atas situasi ini.,Rasa Syukur dan Apresiasi
 Terima kasih sudah mendengarkan aku.,Rasa Syukur dan Apresiasi
Terima kasih sudah mendengarkan aku.,Rasa Syukur dan Apresiasi
"Iya, aku merasa lebih lega setelah bicara ini. ",Rasa Syukur dan Apresiasi
 Aku merasa lebih lega setelah membicarakannya.,Rasa Syukur dan Apresiasi
Aku merasa lebih lega setelah membicarakannya. ,Rasa Syukur dan Apresiasi
Aku merasa sedikit lebih lega,Rasa Syukur dan Apresiasi
Aku merasa lebih baik setelah berbicara,Rasa Syukur dan Apresiasi
"Terima kasih, Kak.",Rasa Syukur dan Apresiasi
Saya merasa biasa saja,Rasa Syukur dan Apresiasi
"Sejujurnya, saya masih merasa bingung dengan pertemanan saya di kampus",Perasaan Sedih dan Kehilangan
"Baik kak, walaupun agak capek",Perasaan Sedih dan Kehilangan
"Baik, atau mungkin nggak baik juga",Perasaan Sedih dan Kehilangan
"Baik, atau mungkin tidak terlalu baik",Perasaan Sedih dan Kehilangan
"Baik, atau mungkin nggak baik juga",Perasaan Sedih dan Kehilangan
"baik kak, tapi jujur agak capek dan masih kepikiran banyak hal",Perasaan Sedih dan Kehilangan
"baik kak, ya walaupun masih kepikiran beberapa hal sih",Perasaan Sedih dan Kehilangan
"Iya, saya masih merasa tertekan saat di rumah.",Perasaan Sedih dan Kehilangan
juga merasa terbebani dengan kondisi keuangan keluarga saya.,Perasaan Sedih dan Kehilangan
Saya sering kali merasa tidak nyaman dengan hubungan ini. ,Perasaan Sedih dan Kehilangan
"Tapi di sisi lain, saya merasa kehilangan.",Perasaan Sedih dan Kehilangan
Saya jadi merasa terbebani dan berpikir bahwa saya hanya menambah masalah bagi keluarga.,Perasaan Sedih dan Kehilangan
Bahkan ada saat-saat di mana saya merasa ingin menyerah dan berpikir bahwa lebih baik saya tidak ada di dunia ini.,Perasaan Sedih dan Kehilangan
Saya tahu guru saya tidak bermaksud jahat,Perasaan Sedih dan Kehilangan
"Saya mengalami banyak hal sejak kecil, dan itu masih berdampak pada saya sampai sekarang.",Perasaan Sedih dan Kehilangan
"Saya mengalami perundungan sejak SD, SMP, hingga SMA. ",Perasaan Sedih dan Kehilangan
Saya berpikir bahwa saya harus menghadapi semuanya sendirian. ,Perasaan Sedih dan Kehilangan
Saya menganggap boneka itu sebagai teman saya. ,Perasaan Sedih dan Kehilangan
"Saya juga beberapa kali mencoba mengakhiri hidup, tapi saya masih bertahan sampai sekarang.",Perasaan Sedih dan Kehilangan
"Iya, saya memang sering mengalami masalah pencernaan sejak SMP. ",Perasaan Sedih dan Kehilangan
"Sebenarnya tidak terlalu mengganggu, tapi ada saat-saat di mana saya merasa sangat lelah dan sulit berkonsentrasi. ",Perasaan Sedih dan Kehilangan
"Di rumah ada banyak konflik antara ayah dan ibu, terutama tentang peran mereka dalam keluarga. ",Perasaan Sedih dan Kehilangan
Tapi saya juga merasa ada jarak dengan ayah,Perasaan Sedih dan Kehilangan
Mungkin karena sejak kecil saya sering mendapat tekanan dari orang tua saya. ,Perasaan Sedih dan Kehilangan
Saya biasanya hanya diam dan memendam perasaan saya. ,Perasaan Sedih dan Kehilangan
"Saya masih merasa ada jarak, terutama dengan ibu saya. ",Perasaan Sedih dan Kehilangan
Saya pernah mengalami bullying saat SMA. ,Perasaan Sedih dan Kehilangan
Saya merasa sangat sendirian. ,Perasaan Sedih dan Kehilangan
Sejak kecil saya merasa sulit berteman. ,Perasaan Sedih dan Kehilangan
Sejak SD. Saya tidak punya teman. ,Perasaan Sedih dan Kehilangan
"Saya merasa tidak dihargai, dan itu membuat saya bertanya-tanya, 'Untuk apa saya hidup?'",Perasaan Sedih dan Kehilangan
Saya hanya berbicara dengan pacarnya tentang perasaan saya yang merasa dimanfaatkan. ,Perasaan Sedih dan Kehilangan
Ya. Saya merasa sulit untuk dekat dengan teman-teman di kampus. ,Perasaan Sedih dan Kehilangan
"Tapi sulit untuk percaya lagi, Kak. ",Perasaan Sedih dan Kehilangan
"Saya merasa sedih, tapi saya tidak tahu bagaimana mengungkapkan perasaan saya.",Perasaan Sedih dan Kehilangan
Saya tidak mengatakan apa-apa. ,Perasaan Sedih dan Kehilangan
"Sejujurnya, saya merasa sedih ",Perasaan Sedih dan Kehilangan
"Tidak banyak berubah, saya masih sering merasa tidak nyaman di rumah. ",Perasaan Sedih dan Kehilangan
"Sejujurnya, belum ada perubahan besar. ",Perasaan Sedih dan Kehilangan
"Masih sulit, Kak. ",Perasaan Sedih dan Kehilangan
"Sebenarnya, ada masalah baru, Kak. ",Perasaan Sedih dan Kehilangan
"Saat beliau tahu, handphone dan tabletnya langsung disita. ",Perasaan Sedih dan Kehilangan
tapi aku juga merasa seperti tidak bisa jadi diri sendiri. ,Perasaan Sedih dan Kehilangan
Tapi aku merasa seperti selalu salah di mata ibuku.,Perasaan Sedih dan Kehilangan
"Aku pusing banget, Kak. ",Perasaan Sedih dan Kehilangan
Iya… Awalnya aku nggak niat jadi ketua. ,Perasaan Sedih dan Kehilangan
"Tapi makin lama aku sadar kalau aku nggak punya cukup pengalaman, ",Perasaan Sedih dan Kehilangan
Tapi tetap aja kayaknya aku kurang. ,Perasaan Sedih dan Kehilangan
tapi lama-lama ada yang bilang kalau mereka memang lebih suka kandidat yang lain,Perasaan Sedih dan Kehilangan
"Iya, Kak… Aku jadi kepikiran terus",Perasaan Sedih dan Kehilangan
"Masalahnya, aku nggak bisa",Perasaan Sedih dan Kehilangan
"jadi akhirnya ya udah, begadang terus.",Perasaan Sedih dan Kehilangan
malah makin nggak ada yang mendukung aku.,Perasaan Sedih dan Kehilangan
Ayah aku… dia masuk penjara bulan ini karena kasus di kantornya,Perasaan Sedih dan Kehilangan
"Iya, aku jadi ngerasa harus lebih mandiri",Perasaan Sedih dan Kehilangan
dia malah tersinggung dan jadi nggak mau temenan sama aku lagi.,Perasaan Sedih dan Kehilangan
"Iya… aku ngerasa gemuk, jadi aku pengen kurusan. ",Perasaan Sedih dan Kehilangan
Ya… aku sering nunda-nunda. ,Perasaan Sedih dan Kehilangan
sejak SMP. Aku nggak tahu kenapa,Perasaan Sedih dan Kehilangan
Dari dulu aku selalu merasa nggak cukup baik. ,Perasaan Sedih dan Kehilangan
"Aku masih ingat semuanya… kejadian waktu aku TK, SD, bahkan SMP. ",Perasaan Sedih dan Kehilangan
Aku merasa apapun yang aku lakukan nggak pernah cukup. ,Perasaan Sedih dan Kehilangan
"Iya, aku merasa seperti nggak bisa mengikuti pelajaran dengan baik. ",Perasaan Sedih dan Kehilangan
"Aku nggak tahu kenapa, rasanya lebih nyaman ngobrol sama mereka daripada sama teman-teman di kelas sendiri.",Perasaan Sedih dan Kehilangan
"Iya… biasanya kalau aku merasa tertekan atau capek banget, ",Perasaan Sedih dan Kehilangan
"Aku tuh akhir-akhir ini merasa lelah banget, Kak. ",Perasaan Sedih dan Kehilangan
"Masalahnya, aku terlalu banyak mengambil tanggung jawab. ",Perasaan Sedih dan Kehilangan
"Jujur aja, nilainya turun. ",Perasaan Sedih dan Kehilangan
"Aku jadi nggak bisa konsentrasi, ",Perasaan Sedih dan Kehilangan
Aku jadi ngerasa kayak kembali ke masa lalu,Perasaan Sedih dan Kehilangan
Aku mau cerita soal mantanku dulu,Perasaan Sedih dan Kehilangan
"Dulu, aku sama dia tuh cocok banget, Kak. ",Perasaan Sedih dan Kehilangan
Iya… Aku masih sering kepo media sosialnya,Perasaan Sedih dan Kehilangan
Aku mau cerita soal pacarku dulu… ,Perasaan Sedih dan Kehilangan
"Tapi sekarang, dia jarang ngehubungin aku duluan. ",Perasaan Sedih dan Kehilangan
Aku ngerasa kayak aku nggak sepenting itu buat dia. ,Perasaan Sedih dan Kehilangan
"Iya, kayak aku yang lebih effort dibanding dia. ",Perasaan Sedih dan Kehilangan
Iya… Aku ngerasa mama lebih perhatian ke adikku dibanding ke aku,Perasaan Sedih dan Kehilangan
"Sedih banget, Kak. ",Perasaan Sedih dan Kehilangan
Aku bilang ke mama kalau aku juga butuh perhatian. ,Perasaan Sedih dan Kehilangan
Makanya aku sering diem aja,Perasaan Sedih dan Kehilangan
Aku lebih suka sendiri…,Perasaan Sedih dan Kehilangan
lebih nyaman di rumah aja.,Perasaan Sedih dan Kehilangan
Aku ngerasa kayak nggak ada yang benar-benar suka sama aku. ,Perasaan Sedih dan Kehilangan
"Iya, mereka pasti mikir aku sombong.",Perasaan Sedih dan Kehilangan
padahal aku nggak ngapa-ngapain.,Perasaan Sedih dan Kehilangan
Aku merasa ibu tidak pernah memahami aku. ,Perasaan Sedih dan Kehilangan
sedih,Perasaan Sedih dan Kehilangan
"Aku merasa sulit berteman, ",Perasaan Sedih dan Kehilangan
"Dulu waktu sekolah, ujian hanya ada UTS dan UAS",Perasaan Sedih dan Kehilangan
Aku merasa sulit menemukan teman yang satu frekuensi denganku. ,Perasaan Sedih dan Kehilangan
"Kayaknya aku dianggap kurang asik, kurang bisa diajak ngobrol hal-hal santai seperti soal perasaan atau kehidupan pribadi. ",Perasaan Sedih dan Kehilangan
Dulu teman-temanku bilang aku nggak asik karena nggak bisa diajak ngobrol soal pacaran atau hal-hal emosional. ,Perasaan Sedih dan Kehilangan
"Sejak kecil, aku merasa tidak ada yang spesial dalam diriku. ",Perasaan Sedih dan Kehilangan
Aku merasa tidak berharga karena dari kecil aku dianggap ‘kurang’ oleh keluargaku sendiri.,Perasaan Sedih dan Kehilangan
tapi tetap saja aku merasa sulit.,Perasaan Sedih dan Kehilangan
Iya… Dulu aku merasa gagal terus di mata ayah. ,Perasaan Sedih dan Kehilangan
Mungkin lebih ke perasaan dalam diriku sendiri… ,Perasaan Sedih dan Kehilangan
Segalanya terasa berat.,Perasaan Sedih dan Kehilangan
"Aku mulai mengerjakan tugas, lalu entah bagaimana aku malah terdistraksi. ",Perasaan Sedih dan Kehilangan
Aku merasa sangat bersalah… ,Perasaan Sedih dan Kehilangan
Mereka mulai mengeluh kalau aku kurang berkontribusi. ,Perasaan Sedih dan Kehilangan
"Aku pernah menangis saat dimarahi dan tiba-tiba aku mulai melantur… Aku bahkan tidak sadar apa yang aku katakan, tapi aku merasa sangat sakit dan kesepian saat itu.",Perasaan Sedih dan Kehilangan
Aku merasa semakin sulit bergaul dengan teman-temanku.,Perasaan Sedih dan Kehilangan
" Tapi ternyata, tidak ada yang paham.",Perasaan Sedih dan Kehilangan
Saya sering merasa bahwa pencapaian saya tidak sebesar teman-teman saya. ,Perasaan Sedih dan Kehilangan
Saya hanya merasa malu. ,Perasaan Sedih dan Kehilangan
Kadang saya merasa ingin melupakan semuanya,Perasaan Sedih dan Kehilangan
Saya tidak tahu... ,Perasaan Sedih dan Kehilangan
"Begitu masuk kuliah, saya kesulitan mengikuti mata kuliah yang penuh dengan hitungan seperti rangkaian listrik. ",Perasaan Sedih dan Kehilangan
"Saya juga mencoba mengulang materi sendiri, tapi tetap terasa sulit bagi saya.",Perasaan Sedih dan Kehilangan
Ayah saya pernah bilang bahwa saya ini aneh,Perasaan Sedih dan Kehilangan
"Ketika saya melihat teman-teman yang bisa bermain bersama, tapi saya tidak pernah diajak. ",Perasaan Sedih dan Kehilangan
"Tapi seperti yang saya bilang, dia malah memarahi saya",Perasaan Sedih dan Kehilangan
"Saya ingin punya teman, tapi saya tidak tahu bagaimana memulainya.",Perasaan Sedih dan Kehilangan
Mungkin saya bisa mulai berbicara dengan teman di kampus yang sudah lama saya kenal. ,Perasaan Sedih dan Kehilangan
Tapi bagaimana caranya? ,Perasaan Sedih dan Kehilangan
"Pernah, tapi saya tidak begitu paham bagaimana cara melakukannya.",Perasaan Sedih dan Kehilangan
Orang tua saya tidak akan senang kalau saya pergi ke psikiater. ,Perasaan Sedih dan Kehilangan
"Tapi karena aku belum punya teman dekat di kampus, aku lebih banyak belajar sendiri.",Perasaan Sedih dan Kehilangan
Aku ngerasa nggak punya tempat di sana. ,Perasaan Sedih dan Kehilangan
"Kayaknya lebih banyak negatifnya, Kak. ",Perasaan Sedih dan Kehilangan
"Sebagian besar sih karena mantanku, tapi ada juga karena kuliah. ",Perasaan Sedih dan Kehilangan
"tapi aku juga merasa ada sesuatu yang kurang. Kayak, kok rasanya aku tetap merasa nggak sepenuhnya diterima?",Perasaan Sedih dan Kehilangan
Tapi kadang aku hanya menahan semuanya sendiri dan itu rasanya nggak enak.,Perasaan Sedih dan Kehilangan
"Saya tidak ingin terus menyimpan dendam, tapi saya juga tidak mau berhubungan lagi dengannya.",Perasaan Sedih dan Kehilangan
"Aku tidak terbiasa menulis tentang diriku sendiri, Kak.",Perasaan Sedih dan Kehilangan
Awalnya saya agak terkejut ketika dipanggil,Reaksi Terkejut dan Tidak Terduga
masih mengalami konflik antara pikiran dan perasaan saya,Reaksi Terkejut dan Tidak Terduga
Dia sering bertanya kenapa saya menjauh,Reaksi Terkejut dan Tidak Terduga
"Sejak setahun terakhir, orang tua saya sering membicarakan masalah keuangan di depan saya. ",Reaksi Terkejut dan Tidak Terduga
Saya sering merasa stres dan kurang fokus di kampus. ,Reaksi Terkejut dan Tidak Terduga
"Tapi kadang-kadang saat saya sendirian atau di tempat ramai, sosok itu tiba-tiba muncul dan berbicara kepada saya.",Reaksi Terkejut dan Tidak Terduga
saya tidak tahu apakah itu baik atau buruk.,Reaksi Terkejut dan Tidak Terduga
"Saya sebenarnya bukan hanya bingung tentang beasiswa ini, Kak, ",Reaksi Terkejut dan Tidak Terduga
"Bahkan saat kuliah, saya pernah memiliki teman saat orientasi mahasiswa baru, tapi mereka sepertinya tidak benar-benar menganggap saya bagian dari kelompok mereka. ",Reaksi Terkejut dan Tidak Terduga
"Di SMA, saya dijauhi oleh teman-teman tanpa alasan yang jelas. ",Reaksi Terkejut dan Tidak Terduga
Tapi semua berubah sejak dia mengira saya ingin merebut pacarnya.,Reaksi Terkejut dan Tidak Terduga
"Saya bilang kalau saya merasa seperti 'alat' yang membantu seseorang, tapi dia malah mengira saya mencoba mendekati pacarnya. ",Reaksi Terkejut dan Tidak Terduga
Saya awalnya bingung. ,Reaksi Terkejut dan Tidak Terduga
"Saya baru tahu bahwa teman saya, B, menyebarkan isi chat saya di grup HIMA. ",Reaksi Terkejut dan Tidak Terduga
tapi tetap ada perasaan aneh. ,Reaksi Terkejut dan Tidak Terduga
jadi saya bingung harus bagaimana.,Reaksi Terkejut dan Tidak Terduga
Ibuku baru saja tahu bahwa aku pernah berpacaran. ,Reaksi Terkejut dan Tidak Terduga
Bahkan semua chat dan percakapanku dengan mantan dibaca habis oleh ibuku. ,Reaksi Terkejut dan Tidak Terduga
Tapi tiba-tiba aku malah yang kepilih,Reaksi Terkejut dan Tidak Terduga
"Tapi kata orang-orang, aku sebenarnya nggak gemuk.",Reaksi Terkejut dan Tidak Terduga
Sepertinya karena aku merasa tidak dihargai. ,Reaksi Terkejut dan Tidak Terduga
Aku juga nggak tahu. ,Reaksi Terkejut dan Tidak Terduga
Aku nggak bisa fokus pas kuis karena tiba-tiba dikasih tugas mendadak dari UKM. ,Reaksi Terkejut dan Tidak Terduga
karena ada ekspektasi dari senior kalau aku harus bisa handle semuanya.,Reaksi Terkejut dan Tidak Terduga
"Tapi ya… setelah aku tahu dia selingkuh, aku jadi bingung. ",Reaksi Terkejut dan Tidak Terduga
"Aku kayak nggak percaya, Kak. ",Reaksi Terkejut dan Tidak Terduga
Tapi aku juga bingung… ,Reaksi Terkejut dan Tidak Terduga
Aku cuma disuruh istirahat di rumah.,Reaksi Terkejut dan Tidak Terduga
"Misalnya saat aku sedang belajar di kamar, tiba-tiba mendengar suara pintu dapur terbuka",Reaksi Terkejut dan Tidak Terduga
"Waktu itu, keluargaku melakukan ritual komunikasi dengan eyang yang katanya merasuki tubuh tanteku. ",Reaksi Terkejut dan Tidak Terduga
merasa nggak dihargai… ,Reaksi Terkejut dan Tidak Terduga
awalnya aku merasa kaget dengan sistem belajar di kuliah,Reaksi Terkejut dan Tidak Terduga
Awalnya… aku rasa karena ayah. ,Reaksi Terkejut dan Tidak Terduga
"Ia kaget… Dia menangis dan meminta maaf, bahkan akhirnya setuju untuk membiarkan aku mencari bantuan psikolog.",Reaksi Terkejut dan Tidak Terduga
"Saya melihat mereka bisa mengatur waktu dengan baik, selalu aktif di kelas, dan sepertinya tidak terlalu kesulitan menghadapi kuliah.",Reaksi Terkejut dan Tidak Terduga
Saya tidak pernah melihatnya dari sudut pandang itu sebelumnya.,Reaksi Terkejut dan Tidak Terduga
Saya diminta membuat video perkenalan di TikTok. ,Reaksi Terkejut dan Tidak Terduga
"Mungkin ada, tapi saya belum tahu caranya. ",Reaksi Terkejut dan Tidak Terduga
Aku belum pernah coba,Reaksi Terkejut dan Tidak Terduga
Saya takut tidak bisa menjelaskan,Perasaan Takut dan Kecemasan
"Saya merasa agak gugup, kak.",Perasaan Takut dan Kecemasan
"tetapi saya tidak tahu bagaimana cara menghadapinya, terutama setelah apa yang terjadi dengan teman saya, B",Perasaan Takut dan Kecemasan
aku masih merasa nggak nyaman dengan beberapa hal,Perasaan Takut dan Kecemasan
"Aku memang penasaran sih, apakah yang aku lakukan untuk menghadapi masalahku selama ini sudah benar atau belum",Perasaan Takut dan Kecemasan
"Baik kak, walaupun masih agak canggung sih karena belum pernah konseling sebelumnya",Perasaan Takut dan Kecemasan
Aku merasa sangat lelah dan bingung dengan semuanya.,Perasaan Takut dan Kecemasan
"Sejujurnya, aku merasa lebih buruk dibandingkan sesi sebelumnya.",Perasaan Takut dan Kecemasan
Saya merasa tidak percaya diri,Perasaan Takut dan Kecemasan
Saya takut melakukan kesalahan karena ayah saya bisa marah dan memukul saya. ,Perasaan Takut dan Kecemasan
Saya bingung dengan hubungan saya ,Perasaan Takut dan Kecemasan
"Saya merasa bingung, karena kami sudah hampir tiga tahun bersama, tapi akhir-akhir ini rasanya berbeda.",Perasaan Takut dan Kecemasan
Saya juga merasa bersalah karena mungkin sikap saya yang membuat dia ingin break.,Perasaan Takut dan Kecemasan
"Saya selalu merasa takut, tangan saya gemetar, dan sulit berkata-kata.",Perasaan Takut dan Kecemasan
"tapi setelah itu, saya selalu takut berbicara di depan orang lain karena khawatir salah bicara lagi.",Perasaan Takut dan Kecemasan
Saya merasa sangat gugup,Perasaan Takut dan Kecemasan
tapi saya takut salah bicara.,Perasaan Takut dan Kecemasan
Saya merasa kecewa dan putus asa.,Perasaan Takut dan Kecemasan
Kadang saya khawatir apakah saya bisa bertahan dengan jadwal kuliah yang padat.,Perasaan Takut dan Kecemasan
Saya takut kalau nanti saya tidak bisa mengatur waktu dengan baik dan akhirnya ketinggalan tugas. ,Perasaan Takut dan Kecemasan
Mereka sering bertengkar tentang hal itu.,Perasaan Takut dan Kecemasan
Saya sering merasa kehilangan kesadaran atau hampir pingsan ketika mendengar bentakan atau suara keras. ,Perasaan Takut dan Kecemasan
Saat itu saya ikut pelatihan paskibra dan pelatihnya sering berteriak dengan nada tinggi. ,Perasaan Takut dan Kecemasan
Saya tidak ingin marah karena takut dianggap anak yang durhaka.,Perasaan Takut dan Kecemasan
"Saya ingin bisa berkomunikasi lebih baik, tapi saya juga takut jika saya menyampaikan perasaan saya, mereka akan marah.",Perasaan Takut dan Kecemasan
Saya tidak melawan atau melaporkan kejadian itu karena saya tidak ingin menambah masalah.,Perasaan Takut dan Kecemasan
"Saya ingin berbicara dengan orang tua saya, tapi saya tahu mereka akan marah dan menganggap saya lemah.",Perasaan Takut dan Kecemasan
"Suara-suara itu mulai muncul lagi, terutama saat saya merasa diperhatikan. ",Perasaan Takut dan Kecemasan
"Beberapa hari lalu, ketika ada orang yang melihat saya dari kepala sampai kaki. ",Perasaan Takut dan Kecemasan
"Ya, saya merasa tidak aman. ",Perasaan Takut dan Kecemasan
"Saya takut kalau saya memberitahu ibu, beliau akan kecewa atau sedih.",Perasaan Takut dan Kecemasan
Saya hanya tidak tahu bagaimana cara mengatakannya dengan baik.,Perasaan Takut dan Kecemasan
"Tapi puncaknya adalah saat dia menelepon saya dan memarahi saya habis-habisan, menuduh saya selingkuh dengan pacarnya",Perasaan Takut dan Kecemasan
"Saya takut kalau saya membela diri, dia akan semakin marah. ",Perasaan Takut dan Kecemasan
Iya. Saya mulai sulit percaya pada orang lain. ,Perasaan Takut dan Kecemasan
"Saya takut jika saya terlalu terbuka, saya akan dikhianati lagi. ",Perasaan Takut dan Kecemasan
Saya kesulitan mengkomunikasikan keinginan saya kepada dosen wali saya. ,Perasaan Takut dan Kecemasan
"Dia sebenarnya baik, tapi akhir-akhir ini dia sering bertanya banyak hal dan ingin selalu bersama saya. ",Perasaan Takut dan Kecemasan
"Kadang saya masih merasa dia mengawasi saya, terutama kalau saya akan ujian atau merasa stres. ",Perasaan Takut dan Kecemasan
"Kadang dia muncul tanpa alasan, dan itu yang membuat saya takut.",Perasaan Takut dan Kecemasan
Kadang muncul sebelum tidur atau saat saya merasa stres,Perasaan Takut dan Kecemasan
Rasanya agak canggung,Perasaan Takut dan Kecemasan
Aku benar-benar takut ,Perasaan Takut dan Kecemasan
"Beberapa waktu lalu, aku sempat pacaran diam-diam, karena ibuku memang melarangku pacaran sejak SMA. ",Perasaan Takut dan Kecemasan
Tapi aku juga takut. ,Perasaan Takut dan Kecemasan
"Aku takut kalau aku mencoba bicara, malah tambah dimarahi atau dilarang lebih banyak hal lagi",Perasaan Takut dan Kecemasan
Aku juga ingin bisa menghindari konflik. ,Perasaan Takut dan Kecemasan
Aku nggak tahu lagi harus gimana… ,Perasaan Takut dan Kecemasan
Tapi jadinya aku harus pintar bagi waktu,Perasaan Takut dan Kecemasan
tapi aku takut. ,Perasaan Takut dan Kecemasan
"Kalau ada yang lihat aku sebentar aja, aku langsung mikir… ‘apa mereka mikir aku aneh?  Apa mereka nggak suka aku?’ Pokoknya overthinking terus.",Perasaan Takut dan Kecemasan
Mungkin saat aku sedang bersama teman-teman atau di tempat umum. ,Perasaan Takut dan Kecemasan
tapi aku tetap nggak bisa menghilangkan pikiran itu.,Perasaan Takut dan Kecemasan
"Jadi aku kepikiran, gimana kalau dia juga cerita tentang aku ke orang lain?",Perasaan Takut dan Kecemasan
Belum… aku takut kalau aku ngomong,Perasaan Takut dan Kecemasan
Iya… aku takut dibilang lebay atau nggak percaya sama dia.,Perasaan Takut dan Kecemasan
cuma kadang masih kepikiran aja.,Perasaan Takut dan Kecemasan
Tapi suara-suara itu… mereka nggak berhenti. ,Perasaan Takut dan Kecemasan
"Aku merasa seharusnya aku bilang ke orang lain, tapi aku takut dimarahi",Perasaan Takut dan Kecemasan
Tapi aku masih merasa takut… ,Perasaan Takut dan Kecemasan
Iya… Aku nggak bisa bilang apa-apa ke mereka,Perasaan Takut dan Kecemasan
karena takut salah atau semakin dianggap bodoh,Perasaan Takut dan Kecemasan
"Iya… jadi misalnya aku lagi di tempat umum, tiba-tiba ada orang yang lihat aku, entah itu sengaja atau nggak… aku langsung kepikiran, 'Apa mereka tahu tentang aku? ",Perasaan Takut dan Kecemasan
"Kadang aku coba buat nggak dengerin, tapi rasanya susah. ",Perasaan Takut dan Kecemasan
Iya… aku takut kalau videonya viral terus ada yang ngeh sama aku. ,Perasaan Takut dan Kecemasan
Sudah… tapi aku belum berani upload. Sudah… tapi aku belum berani upload. ,Perasaan Takut dan Kecemasan
Tapi… aku juga kadang merasa aneh sendiri karena dulu aku trauma,Perasaan Takut dan Kecemasan
Aku juga mulai mengalami panic attack,Perasaan Takut dan Kecemasan
Jadi otakku tuh kayak kebagi-bagi terus.,Perasaan Takut dan Kecemasan
"Rasanya panik, Kak",Perasaan Takut dan Kecemasan
Pertama kali pas aku dengar ibu bertengkar sama abangku di kos. ,Perasaan Takut dan Kecemasan
Aku ngerasa kayak… aku nggak bisa lepas dari dia.,Perasaan Takut dan Kecemasan
Tapi ya… aku nggak tahu ini sehat atau nggak buat aku.,Perasaan Takut dan Kecemasan
"Waktu aku sakit beberapa bulan lalu, dokter nyaranin aku buat dirawat",Perasaan Takut dan Kecemasan
Mereka nggak melihat aku secara langsung…,Perasaan Takut dan Kecemasan
Tapi sebenernya aku cuma nggak tahu harus ngomong apa.,Perasaan Takut dan Kecemasan
"Aku tidak tahu kenapa, tapi akhir-akhir ini aku gampang kaget dan cemas setiap saat",Perasaan Takut dan Kecemasan
dan merasa khawatir. ,Perasaan Takut dan Kecemasan
Kayak… aku takut ketahuan sesuatu. ,Perasaan Takut dan Kecemasan
Aku takut kalau tiba-tiba aku juga ‘ketahuan’. ,Perasaan Takut dan Kecemasan
"Iya, aku takut banget… ",Perasaan Takut dan Kecemasan
"Saat orientasi kemarin, ada beberapa momen di mana aku merasa ditegur dengan nada yang keras",Perasaan Takut dan Kecemasan
Seperti ada sesuatu yang langsung menghantam dadaku… ,Perasaan Takut dan Kecemasan
"Apalagi ayah praktisi hukum, jadi dia ingin aku serius di bidang ini.",Perasaan Takut dan Kecemasan
"Iya… Kadang aku takut kalau aku gagal, ",Perasaan Takut dan Kecemasan
"Saat sadar sudah larut malam, aku panik dan buru-buru mengerjakan, tapi tetap tidak selesai.",Perasaan Takut dan Kecemasan
tapi aku tidak bisa mengendalikan diri.,Perasaan Takut dan Kecemasan
Beberapa dari mereka mencoba mengingatkanku soal tugas,Perasaan Takut dan Kecemasan
Aku juga sering berbohong untuk menghindari masalah… ,Perasaan Takut dan Kecemasan
Aku takut dimarahi. ,Perasaan Takut dan Kecemasan
Ibu sering marah… Aku sangat takut setiap kali dia marah.,Perasaan Takut dan Kecemasan
Tidak… Aku tidak berani. ,Perasaan Takut dan Kecemasan
Tapi aku tetap takut kalau semuanya akan kembali seperti dulu.,Perasaan Takut dan Kecemasan
"Semua orang hanya mengenalku sebagai ‘anak pintar’, dan aku takut kalau mereka akan berubah pandangan jika aku tidak mempertahankan itu.",Perasaan Takut dan Kecemasan
Aku tidak ingin terlihat lemah atau terlalu banyak menuntut.,Perasaan Takut dan Kecemasan
"Aku takut orang-orang akan menganggap aku tidak sepintar yang mereka pikirkan. Semua orang hanya mengenalku sebagai ‘anak pintar’. Jika aku gagal mempertahankan itu, aku merasa mereka akan mulai meremehkan aku.",Perasaan Takut dan Kecemasan
"Aku takut kehilangan validasi dari mereka. Jika aku tidak pintar, lalu apa yang tersisa dari aku?",Perasaan Takut dan Kecemasan
tapi di sisi lain saya takut orang lain akan terus mengingatnya.,Perasaan Takut dan Kecemasan
tapi saya takut untuk mengunggahnya. ,Perasaan Takut dan Kecemasan
 Tapi saya juga takut kalau ada yang mengomentari sesuatu yang menyakitkan,Perasaan Takut dan Kecemasan
Saya lebih takut kalau teman-teman saya akan menilai saya buruk setelah kejadian itu.,Perasaan Takut dan Kecemasan
Saya sering merasa kalau saya tidak bisa mengendalikan reaksi saya ketika marah.,Perasaan Takut dan Kecemasan
tapi saya ragu apakah saya masih bisa melanjutkan kuliah.,Perasaan Takut dan Kecemasan
Biasanya muncul saat saya merasa sendirian. ,Perasaan Takut dan Kecemasan
Tapi saya takut mereka tidak akan peduli dengan saya.,Perasaan Takut dan Kecemasan
"Saya takut kalau saya mencoba lagi, saya akan dikhianati lagi.",Perasaan Takut dan Kecemasan
Tapi saya tidak tahu bagaimana cara mengekspresikannya dengan benar.,Perasaan Takut dan Kecemasan
"Tapi saya takut kalau saya mengatakan itu, justru akan memperburuk hubungan saya dengan B dan teman-teman lainnya.",Perasaan Takut dan Kecemasan
"Saya takut kalau saya memaksa, saya akan dianggap membangkang atau tidak menghormati dosen.",Perasaan Takut dan Kecemasan
Nenek saya dulu ke psikiater dan selalu diberi obat dalam jumlah banyak. Akhirnya dia malah terkena diabetes. ,Perasaan Takut dan Kecemasan
"Itu susah, Kak. Saya bahkan tidak tahu harus mulai dari mana.",Perasaan Takut dan Kecemasan
"Kalau aku ketahuan pacaran, ikut organisasi, atau melakukan hal di luar akademik, pasti langsung dimarahi.",Perasaan Takut dan Kecemasan
"Maaf, Kak, ibuku marah besar. ",Perasaan Takut dan Kecemasan
Aku mau… tapi aku takut.,Perasaan Takut dan Kecemasan
Mungkin karena aku merasa mereka lebih kompetitif? ,Perasaan Takut dan Kecemasan
Aku jadi takut kalau kejadian itu bakal terulang lagi.,Perasaan Takut dan Kecemasan
"Aku jadi nggak fokus, Kak. ",Perasaan Takut dan Kecemasan
"Tapi kadang kalau aku udah terlalu sedih, aku malah nyakitin diri sendiri.",Perasaan Takut dan Kecemasan
Aku takut kalau mereka nggak mau ngobrol balik atau malah cuek.,Perasaan Takut dan Kecemasan
Mungkin bisa dicoba… Tapi gimana kalau mereka nggak balas?,Perasaan Takut dan Kecemasan
"Aku merasa ibuku adalah sosok yang sulit aku dekati. Aku ingin dekat, tapi nggak tahu bagaimana caranya.",Perasaan Takut dan Kecemasan
"Oke, Kak.",Perasaan Takut dan Kecemasan
Tapi aku takut orang-orang sudah punya kelompoknya masing-masing.,Perasaan Takut dan Kecemasan
aku tidak tahu apakah itu bisa berhasil. ,Perasaan Takut dan Kecemasan
. Aku takut nanti malah tambah parah. ,Perasaan Takut dan Kecemasan
meskipun aku masih belum yakin dengan semuanya.,Perasaan Takut dan Kecemasan
tetapi saya masih sering merasa lelah dan mudah kesal,Perasaan Marah dan Frustasi
Awalnya saya merasa kesal,Perasaan Marah dan Frustasi
"Dia biasanya bisa mengerti, tapi karena ini terjadi berkali-kali, akhirnya kami sering bertengkar. ",Perasaan Marah dan Frustasi
"Saya pernah mengalami kejadian yang membuat saya malu saat kelas 3 SD, ketika saya berbicara dalam bahasa Jawa di depan guru dan teman-teman saya. ",Perasaan Marah dan Frustasi
Saya merasa malu dan salah. ,Perasaan Marah dan Frustasi
"Saya melapor ke orang tua saya, tapi mereka justru memarahi saya. ",Perasaan Marah dan Frustasi
"Sudah, Kak. Saya tahu saya harus menjaga pola makan dan sudah beberapa kali berkonsultasi dengan dokter.",Perasaan Marah dan Frustasi
Mereka menuntut saya untuk selalu mengalah dan menjaga adik saya. ,Perasaan Marah dan Frustasi
"Ibu saya selalu menuntut saya untuk menjadi yang terbaik, baik dalam hal akademik maupun sikap. ",Perasaan Marah dan Frustasi
Salah satu teman saya mengajak teman-teman lain untuk menjauhi saya karena saya dianggap 'cupu'. ,Perasaan Marah dan Frustasi
Teman saya mengatakan sesuatu yang menyebalkan tentang kejadian lama itu. ,Perasaan Marah dan Frustasi
"Lalu di SMP, saya menyukai seorang laki-laki, tapi dia malah mengatakan saya jelek dan gemuk. ",Perasaan Marah dan Frustasi
Saya juga jadi lebih mudah marah kalau ada orang yang bertanya-tanya soal keadaan saya.,Perasaan Marah dan Frustasi
dan sedikit marah,Perasaan Marah dan Frustasi
"Iya, saya merasa kalau saya menunjukkan bahwa saya marah atau sedih, maka saya akan terlihat kalah di mata B.",Perasaan Marah dan Frustasi
Saya masih sering marah kalau ada orang yang menegur saya atau mengabaikan saya. ,Perasaan Marah dan Frustasi
"Biasanya kalau saya merasa tidak dihargai atau diabaikan, saya langsung kesal. ",Perasaan Marah dan Frustasi
Aku merasa benar-benar tidak punya ruang pribadi.,Perasaan Marah dan Frustasi
"Aku marah, Kak. ",Perasaan Marah dan Frustasi
Katanya aku ketua yang nggak kerja.,Perasaan Marah dan Frustasi
padahal aku juga udah capek sama kuliah dan kerja magang,Perasaan Marah dan Frustasi
"Aku sering begadang, kurang tidur, bahkan pernah nggak tidur tiga hari.",Perasaan Marah dan Frustasi
"Ya, tugas banyak banget. ",Perasaan Marah dan Frustasi
"Ada sih beberapa teman, tapi aku nggak mau kelihatan lemah.",Perasaan Marah dan Frustasi
tapi rasanya aku nggak berguna dan lebih baik nggak ada saja.,Perasaan Marah dan Frustasi
"Aku mau masuk arsitektur, tapi dilarang. ",Perasaan Marah dan Frustasi
aku mulai kepikiran buat nyakitin diri sendiri. ,Perasaan Marah dan Frustasi
tapi di dalam kepalaku rasanya berantakan banget,Perasaan Marah dan Frustasi
malah makin stres,Perasaan Marah dan Frustasi
Aku marah,Perasaan Marah dan Frustasi
Tapi nyatanya dia bisa dekat sama cewek lain dengan gampang.,Perasaan Marah dan Frustasi
"Aku kesel, sih",Perasaan Marah dan Frustasi
"Kesel, ",Perasaan Marah dan Frustasi
sulit dihargai,Perasaan Marah dan Frustasi
Ada masa di mana aku melakukan banyak hal yang dia tidak setujui,Perasaan Marah dan Frustasi
"Setiap kali aku pergi keluar dengan mereka, aku yang harus mengurus semuanya. Aku harus menyetir, memesan makanan, bahkan membayar untuk mereka.",Perasaan Marah dan Frustasi
"Ya, karena itu sudah sewajarnya.",Perasaan Marah dan Frustasi
Tapi saya merasa sulit untuk mengontrol perasaan saya.,Perasaan Marah dan Frustasi
"Saya belum tahu, Kak. Kadang saya ingin tetap bersama, tapi kadang saya berpikir mungkin lebih baik sendiri.",Perasaan Marah dan Frustasi
tapi masih agak sulit fokus,Perasaan Marah dan Frustasi
"Saya tidak ingin mengecewakan mereka, jadi saya hanya memendam semuanya.",Perasaan Marah dan Frustasi
Rasanya saya tidak dibutuhkan dan tidak ada yang peduli jika saya ada atau tidak.,Perasaan Marah dan Frustasi
Saya masih merasa marah dan kecewa.,Perasaan Marah dan Frustasi
Itu masuk akal. Saya memang sering merasa seperti membeku saat dimarahi,Perasaan Marah dan Frustasi
"Iya, saya pikir itu satu-satunya cara agar saya bisa membantu keluarga dan tidak terlalu membebani mereka.",Perasaan Marah dan Frustasi
"Iya… aku tahu ini nggak baik, tapi selalu aja kejadian kayak gini.",Perasaan Marah dan Frustasi
Biasanya saat aku sendirian… atau saat aku merasa sangat stres. Terutama kalau aku sedang diperlakukan tidak adil oleh orang tua atau saat aku diingatkan tentang masa lalu.,Perasaan Marah dan Frustasi
"Ada, aku nggak suka pelajaran yang terlalu banyak hitung-hitungan atau yang harus ngapalin rumus-rumus. Kalau mata kuliah itu, aku langsung kehilangan semangat buat belajar.",Perasaan Marah dan Frustasi
Kayaknya bisa dicoba… tapi aku takut kalau mereka nggak nerima aku.,Perasaan Marah dan Frustasi
Nggak… biasanya aku cuma menyendiri aja sampai perasaannya hilang sendiri.,Perasaan Marah dan Frustasi
"Belum sih… Aku biasanya malah tenggelam di media sosial, stalking dia atau nge-scroll tanpa tujuan.",Perasaan Marah dan Frustasi
tapi kadang aku masih ragu untuk cerita lebih banyak,Perasaan Marah dan Frustasi
"Aku tidak yakin bisa melakukannya. Aku merasa kalau aku menurunkan standar, aku akan ikut menjadi seperti mereka.",Perasaan Marah dan Frustasi
Tapi aku masih merasa sulit untuk benar-benar mengubah cara pandangku,Perasaan Marah dan Frustasi
tapi saya masih kesulitan fokus,Perasaan Marah dan Frustasi
"Jujur, saya merasa cukup cemas sebelum datang ke sesi ini",Perasaan Sebelum Menghadapi Kejadian
Saya tidak tahu bagaimana harus mulai menceritakan semuanya,Perasaan Sebelum Menghadapi Kejadian
Saya ingin mencoba berbicara dan mendengar apa yang bisa saya lakukan untuk merasa lebih baik,Perasaan Sebelum Menghadapi Kejadian
Tapi saya ingin mencoba berbicara tentang apa yang saya rasakan.,Perasaan Sebelum Menghadapi Kejadian
Saya ingin memiliki hubungan pertemanan yang baik,Perasaan Sebelum Menghadapi Kejadian
tapi tetap masih ada rasa cemas dengan kuliah,Perasaan Sebelum Menghadapi Kejadian
"Aku mencoba beberapa hal yang kita diskusikan, seperti lebih aktif bergerak dan berlibur sebentar",Perasaan Sebelum Menghadapi Kejadian
"Baik, tapi sebenarnya masih sering merasa cemas sih, kak",Perasaan Sebelum Menghadapi Kejadian
"Tapi, saya mencoba untuk lebih menyadari ketika pikiran buruk muncul.",Perasaan Sebelum Menghadapi Kejadian
Saya ingin membahas tentang hubungan saya dengan pacar dulu. ,Perasaan Sebelum Menghadapi Kejadian
tapi lama-lama saya juga mulai terbiasa sendiri,Perasaan Sebelum Menghadapi Kejadian
saya selalu meminta maaf,Perasaan Sebelum Menghadapi Kejadian
Saya ingin membicarakan tentang kecemasan saya ketika harus berbicara di depan umum. ,Perasaan Sebelum Menghadapi Kejadian
Saya mulai berbicara dengan diri sendiri dan boneka kesayangan saya. ,Perasaan Sebelum Menghadapi Kejadian
Saya sering merasa cemas membandingkan diri saya dengan teman-teman yang terlihat lebih bisa mengatur semuanya dengan baik.,Perasaan Sebelum Menghadapi Kejadian
"Ayah saya memiliki pola pikir yang sangat patriarkal, sementara ibu saya ingin lebih mandiri. ",Perasaan Sebelum Menghadapi Kejadian
"Tapi saya juga merasa cemas, terutama tentang tugas ospek yang harus diposting di media sosial.",Perasaan Sebelum Menghadapi Kejadian
ada saat di mana saya merasa perlu diperhatikan oleh orang lain,Perasaan Sebelum Menghadapi Kejadian
"Saya merasa cukup cemas, Kak. ",Perasaan Sebelum Menghadapi Kejadian
Saya ingin merasa bahwa saya sudah melakukan segalanya sebelum benar-benar berhenti kuliah.,Perasaan Sebelum Menghadapi Kejadian
Saya berpikir untuk mencari pekerjaan dulu. ,Perasaan Sebelum Menghadapi Kejadian
"Saya pikir, lebih baik saya tidak membahasnya daripada memperkeruh keadaan.",Perasaan Sebelum Menghadapi Kejadian
Tapi saya selalu berpikir bahwa menunjukkan emosi negatif itu tidak baik. ,Perasaan Sebelum Menghadapi Kejadian
Tapi saya sadar kalau itu berlebihan dan saya tidak ingin kelepasan.,Perasaan Sebelum Menghadapi Kejadian
Tapi saya juga tidak ingin menyakiti perasaannya,Perasaan Sebelum Menghadapi Kejadian
Tapi aku mencoba untuk lebih rajin membaca dan mengerjakan tugas tepat waktu,Perasaan Sebelum Menghadapi Kejadian
dan cemas setelah beliau mengetahuinya.,Perasaan Sebelum Menghadapi Kejadian
Aku tidak mau terus-menerus merasa putus asa,Perasaan Sebelum Menghadapi Kejadian
"Aku kuliah, magang, terus masih harus ngurus organisasi juga. ",Perasaan Sebelum Menghadapi Kejadian
Aku pikir bisa dijalanin. ,Perasaan Sebelum Menghadapi Kejadian
Aku ngerasa nggak bisa ninggalin salah satu,Perasaan Sebelum Menghadapi Kejadian
Sering… Aku kepikiran keluar dari organisasi,Perasaan Sebelum Menghadapi Kejadian
Aku harus cari cara buat bertahan sendiri.,Perasaan Sebelum Menghadapi Kejadian
Aku selalu kepikiran tentang apa yang orang lain pikirkan tentang aku. ,Perasaan Sebelum Menghadapi Kejadian
Ya… aku pengen ngerasa lebih percaya diri. ,Perasaan Sebelum Menghadapi Kejadian
"Iya, Kak. Aku juga nggak mau terlalu ekstrim sih",Perasaan Sebelum Menghadapi Kejadian
Aku sudah mencoba beberapa kali,Perasaan Sebelum Menghadapi Kejadian
"Aku ikut UKM karena syarat beasiswa, Kak",Perasaan Sebelum Menghadapi Kejadian
Aku bisa ngobrol sama teman-temanku tanpa harus bertemu langsung.,Perasaan Sebelum Menghadapi Kejadian
Jadi aku nggak perlu khawatir kelihatan aneh atau gimana.,Perasaan Sebelum Menghadapi Kejadian
Iya… Aku memang ingin berbicara soal rasa takut yang sering muncul. ,Perasaan Sebelum Menghadapi Kejadian
Aku jadi selalu waspada seolah ada sesuatu yang buruk akan terjadi.,Perasaan Sebelum Menghadapi Kejadian
Aku berusaha menjaga batas,Perasaan Sebelum Menghadapi Kejadian
"Selain itu, pernah juga saat ada diskusi keluarga tentang liburan, aku ingin ke Taman Safari karena belum pernah lihat binatang secara langsung.",Perasaan Sebelum Menghadapi Kejadian
Aku mulai bikin to-do list dan mengatur waktu belajar. ,Perasaan Sebelum Menghadapi Kejadian
tapi aku masih ingin tahu apakah ada cara lain yang bisa lebih efektif.,Perasaan Sebelum Menghadapi Kejadian
Aku lebih suka berteman dengan orang yang ada manfaatnya buatku. ,Perasaan Sebelum Menghadapi Kejadian
"Dari situ, aku mulai menjauhi mereka dan hanya berteman dengan yang menurutku ‘berguna’ buatku.",Perasaan Sebelum Menghadapi Kejadian
Aku ingin membuktikan bahwa aku bisa berhasil dan bisa membuatnya bangga. ,Perasaan Sebelum Menghadapi Kejadian
Aku nggak mau mengecewakan dia lagi seperti dulu,Perasaan Sebelum Menghadapi Kejadian
Aku hanya ingin memastikan kalau aku bisa melakukan yang terbaik.,Perasaan Sebelum Menghadapi Kejadian
Aku hanya ingin berhenti merasa seperti ini.,Perasaan Sebelum Menghadapi Kejadian
Aku bilang ke guru kalau aku sudah mengumpulkan tugas tapi gurunya yang lupa,Perasaan Sebelum Menghadapi Kejadian
"Aku sudah mencoba untuk lebih terbuka, tetapi aku tetap merasa mereka tidak menghargai usaha yang aku lakukan. ",Perasaan Sebelum Menghadapi Kejadian
Aku tidak ingin menurunkan standar hanya demi bisa berteman dengan mereka.,Perasaan Sebelum Menghadapi Kejadian
"Saya mencoba menenangkan diri dengan mengatakan ‘It’s okay, ini cuma sebentar, pasti bisa kok’. ",Perasaan Sebelum Menghadapi Kejadian
 Saya takut tidak bisa berperan dengan baik dalam kehidupan saya sendiri.,Perasaan Sebelum Menghadapi Kejadian
 Saya sudah membuatnya,Perasaan Sebelum Menghadapi Kejadian
Saya banyak bertanya kepada teman-teman yang lebih paham. ,Perasaan Sebelum Menghadapi Kejadian
Saya sebenarnya ingin mengikuti kelas tambahan atau bimbingan belajar,Perasaan Sebelum Menghadapi Kejadian
Saya ingin mencari pekerjaan yang masih berhubungan dengan bidang teknik atau pekerjaan yang bisa membantu saya menabung. ,Perasaan Sebelum Menghadapi Kejadian
Orang tua saya tidak ingin hal itu terjadi pada saya.,Perasaan Sebelum Menghadapi Kejadian
Saya tidak mau ada orang lain yang tahu soal ini.,Perasaan Sebelum Menghadapi Kejadian
saya ingin tinggal hanya dengan ibu,Perasaan Sebelum Menghadapi Kejadian
Aku sebenarnya lebih bisa memahami materi jika belajar bersama. ,Perasaan Sebelum Menghadapi Kejadian
Biasanya kalau aku ketahuan melanggar aturan yang ibuku buat. ,Perasaan Sebelum Menghadapi Kejadian
Aku mau… tapi aku nggak tahu gimana caranya.,Perasaan Sebelum Menghadapi Kejadian
"Aku jadi overthinking terus. Kayak… dia masih peduli nggak, ya? Atau aku cuma jadi cadangan buat dia?",Perasaan Sebelum Menghadapi Kejadian
Tapi aku juga nggak tahu harus gimana.,Perasaan Sebelum Menghadapi Kejadian
"Aku biasanya menyendiri, mendengarkan musik, atau menulis jurnal. ",Perasaan Sebelum Menghadapi Kejadian
Aku tidak terbiasa memikirkan hal-hal seperti itu.,Perasaan Sebelum Menghadapi Kejadian
"Itu masuk akal, Kak. Saya memang selalu berpikir bahwa saya akan dipermalukan, padahal kenyataannya teman-teman saya baik-baik saja.",Perasaan Sebelum Menghadapi Kejadian
Itu masuk akal sih… aku nggak pernah coba cara-cara itu sebelumnya.,Perasaan Sebelum Menghadapi Kejadian
"Wah… ternyata ini lumayan membantu, ya.",Perasaan Sebelum Menghadapi Kejadian
"Wah, aku jadi lebih tenang… Aku bakal coba latihan ini kalau panik lagi.",Perasaan Sebelum Menghadapi Kejadian
"Wow… aku jadi lebih tenang, Kak.",Perasaan Sebelum Menghadapi Kejadian
Belum… Tapi aku biasanya mendengarkan musik atau menyendiri.,Perasaan Sebelum Menghadapi Kejadian
Rasanya lebih enak… Kayaknya aku bisa coba ini kalau sedang cemas.,Perasaan Sebelum Menghadapi Kejadian
"Iya mereka baik. Aku merasa nyaman,",Perasaan Sebelum Menghadapi Kejadian
Itu terdengar masuk akal… Aku sering merasa kewalahan kalau harus mengerjakan semuanya sekaligus.,Perasaan Sebelum Menghadapi Kejadian
"Aku tidak tahu apakah itu akan membantu, tapi aku bisa mencobanya.",Perasaan Sebelum Menghadapi Kejadian
Saya merasa lebih nyaman. Saya paling suka gerakan menyentuh dada dengan lembut dan memeluk dikir sendiri.,Perasaan Sebelum Menghadapi Kejadian
Saya merasa lebih tenang setelah melakukan ini.,Perasaan Sebelum Menghadapi Kejadian
"Saya merasa lebih tenang setelah mencoba ini, Kak,",Perasaan Sebelum Menghadapi Kejadian
"Iya, itu benar. Saya memang menikmati perkuliahan, walaupun saya masih beradaptasi.",Perasaan Sebelum Menghadapi Kejadian
Saya merasa lebih tenang setelah mencoba ini.,Perasaan Sebelum Menghadapi Kejadian
"Saya suka latihan ini, Kak. Saya merasa lebih baik setelah mengatakannya.",Perasaan Sebelum Menghadapi Kejadian
"Itu terdengar lebih sopan, ",Perasaan Sebelum Menghadapi Kejadian
"Aku akan coba lebih aktif berbicara, Kak.",Perasaan Sebelum Menghadapi Kejadian
Oke... Saya akan pikirkan lagi.,Perasaan Sebelum Menghadapi Kejadian
Mungkin... Saya tidak tahu. Saya harus berpikir dulu.,Perasaan Sebelum Menghadapi Kejadian
"Aku akan coba semuanya, semoga bisa lebih baik.",Perasaan Sebelum Menghadapi Kejadian
"Aku juga mau lanjut konseling sih, mungkin ini bisa membantu aku pelan-pelan.",Perasaan Sebelum Menghadapi Kejadian
Aku akan coba semuanya. ,Perasaan Sebelum Menghadapi Kejadian
Aku akan coba mulai menulis jurnal dan lebih terbuka dengan teman-temanku.,Perasaan Sebelum Menghadapi Kejadian
Itu sulit… Tapi aku bisa coba.,Perasaan Sebelum Menghadapi Kejadian
