Perasaan Benci dan Jijik,Perasaan Percaya ,Rasa Syukur dan Apresiasi,Perasaan Sedih dan Kehilangan,Reaksi Terkejut dan Tidak Terduga,Perasaan Takut dan Kecemasan,Perasaan Marah dan Frustasi,Perasaan Sebelum Menghadapi Kejadian,,,
,,,,,,,"Jujur, saya merasa cukup cemas sebelum datang ke sesi ini",,,
,,,,,Saya takut tidak bisa menjelaskan,,,,,
,,,,,"Saya merasa agak gugup, kak.",,Saya tidak tahu bagaimana harus mulai menceritakan semuanya,,,
,,"Saya merasa baik-baik saja, Kak.",,Awalnya saya agak terkejut ketika dipanggil,,,Saya ingin mencoba berbicara dan mendengar apa yang bisa saya lakukan untuk merasa lebih baik,,,
,,,,,,,Tapi saya ingin mencoba berbicara tentang apa yang saya rasakan.,,,
,,,,,,,"Saya merasa agak cemas, Kak.",,,
,,,Saya merasa biasa saja,,,,,,,
,,,tapi kadang saya merasa sedih,,,,,,,
,,,saya merasa tidak terlalu berharga,,,,,,,
Saya merasa dikhianati oleh orang yang saya percayai di gereja,,Saya merasa lebih baik,,,,,,,,
,,,"Sejujurnya, saya masih merasa bingung dengan pertemanan saya di kampus",,"tetapi saya tidak tahu bagaimana cara menghadapinya, terutama setelah apa yang terjadi dengan teman saya, B",,Saya ingin memiliki hubungan pertemanan yang baik,,,
,,Saya merasa cukup baik hari ini,,,,,,,,
,,Saya baru saja menyelesaikan ujian,,,,,,,,
,,rasanya berjalan cukup lancar,,,,,,,,
,,Tidak ada gangguan atau sosok mengerikan yang muncul,,,,,,,,
,,Hari ini rasanya sedikit lebih baik,,,,tetapi saya masih sering merasa lelah dan mudah kesal,,,,
,,hari ini aku merasa sedikit lebih baik,,,,,tapi tetap masih ada rasa cemas dengan kuliah,,,
,,"Halo kak, sebenarnya hari ini perasaanku lebih baik dibanding pertemuan sebelumnya",,,,,"Aku mencoba beberapa hal yang kita diskusikan, seperti lebih aktif bergerak dan berlibur sebentar",,,
,,Itu cukup membantu,,,,,,,,
,Maaf aku telat tadi,,"Baik kak, walaupun agak capek",,,,,,,
,"Baik kak, tapi ya, seperti yang aku bilang di kuesioner",,,,aku masih merasa nggak nyaman dengan beberapa hal,,,,,
,,,"Baik, atau mungkin nggak baik juga",,,,,,,
,,,aku nggak tahu pasti,,,,,,,
,,,"Baik, atau mungkin tidak terlalu baik",,,,,,,
,,,Aku juga nggak yakin,,,,,,,
,,,"Baik, atau mungkin nggak baik juga",,,,,,,
,,,Aku juga nggak tahu,,,,,,,
,,,"baik kak, tapi jujur agak capek dan masih kepikiran banyak hal",,,,,,,
,,,"baik kak, ya walaupun masih kepikiran beberapa hal sih",,,,,,,
,,,,,,,,,,
,,,,,,,"Baik, tapi sebenarnya masih sering merasa cemas sih, kak",,,
,,,,,"Aku memang penasaran sih, apakah yang aku lakukan untuk menghadapi masalahku selama ini sudah benar atau belum",,,,,
,,,,,"Baik kak, walaupun masih agak canggung sih karena belum pernah konseling sebelumnya",,,,,
,,,,,Aku merasa sangat lelah dan bingung dengan semuanya.,,,,,
,,,,,"Sejujurnya, aku merasa lebih buruk dibandingkan sesi sebelumnya.",,,,,
,,,,masih mengalami konflik antara pikiran dan perasaan saya,Saya merasa tidak percaya diri,,"Tapi, saya mencoba untuk lebih menyadari ketika pikiran buruk muncul.",,,
,,,"Iya, saya masih merasa tertekan saat di rumah.",,Saya takut melakukan kesalahan karena ayah saya bisa marah dan memukul saya. ,,,,,
,,,,,Saya juga masih merasa canggung saat berbicara dengan teman-teman saya.,,,,,
Saya merasa ada banyak hal yang mengganggu pikiran saya.,,,juga merasa terbebani dengan kondisi keuangan keluarga saya.,,Saya bingung dengan hubungan saya ,,,,,
,,,,,"Saya merasa bingung, karena kami sudah hampir tiga tahun bersama, tapi akhir-akhir ini rasanya berbeda.",,Saya ingin membahas tentang hubungan saya dengan pacar dulu. ,,,
"Saya sering menghindari komunikasi dengan dia, misalnya tidak membalas chat dan menjauh tanpa alasan yang jelas.",,,Saya sering kali merasa tidak nyaman dengan hubungan ini. ,,,Awalnya saya merasa kesal,tapi lama-lama saya juga mulai terbiasa sendiri,,,
Sampai akhirnya bulan lalu dia bilang ingin break untuk introspeksi diri.,,,,Dia sering bertanya kenapa saya menjauh,,"Dia biasanya bisa mengerti, tapi karena ini terjadi berkali-kali, akhirnya kami sering bertengkar. ",saya selalu meminta maaf,,,
,,"Iya, saya merasa lebih nyaman sendiri karena tidak ada tuntutan untuk selalu merespons seseorang. ","Tapi di sisi lain, saya merasa kehilangan.",,Saya juga merasa bersalah karena mungkin sikap saya yang membuat dia ingin break.,,,,,
,,,Saya jadi merasa terbebani dan berpikir bahwa saya hanya menambah masalah bagi keluarga.,"Sejak setahun terakhir, orang tua saya sering membicarakan masalah keuangan di depan saya. ",,,,,,
,,,Bahkan ada saat-saat di mana saya merasa ingin menyerah dan berpikir bahwa lebih baik saya tidak ada di dunia ini.,Saya sering merasa stres dan kurang fokus di kampus. ,,,,,,
,,,,,"Saya selalu merasa takut, tangan saya gemetar, dan sulit berkata-kata.",,Saya ingin membicarakan tentang kecemasan saya ketika harus berbicara di depan umum. ,,,
,"Saya sudah merasa seperti ini sejak lama, mungkin sejak SD. ",,,,,"Saya pernah mengalami kejadian yang membuat saya malu saat kelas 3 SD, ketika saya berbicara dalam bahasa Jawa di depan guru dan teman-teman saya. ",,,,
,,,,,,Guru saya mengoreksi saya dan mengatakan bahwa kata yang saya gunakan memiliki arti yang berbeda dalam bahasa Indonesia.,,,,
,,,Saya tahu guru saya tidak bermaksud jahat,,"tapi setelah itu, saya selalu takut berbicara di depan orang lain karena khawatir salah bicara lagi.",Saya merasa malu dan salah. ,,,,
,,,,,Saya merasa sangat gugup,,,,,
,,,,,"Bahkan sebelum berbicara, saya sudah berpikir bahwa saya akan salah bicara dan orang-orang akan menertawakan saya. ",,,,,
,,,,,"Ketika akhirnya saya berbicara, tangan saya gemetar dan saya tidak bisa berpikir jernih.",,,,,
,,"Ya, saya sebenarnya paham",,,,,,,,
,,,,,tapi saya takut salah bicara.,,,,,
,,Sebenarnya mereka biasa saja,,,,,,,,
,,Tidak ada yang mengejek atau mempermalukan saya.,,,,,,,,
,,,"Saya mengalami banyak hal sejak kecil, dan itu masih berdampak pada saya sampai sekarang.",,,,,,,
,,,"Saya mengalami perundungan sejak SD, SMP, hingga SMA. ",,,,,,,
,,,"Saya sering dikucilkan, dihina secara verbal, bahkan mengalami kekerasan fisik. ",,,,,,,
,,,"Waktu SD, saya pernah dipukul dengan batako dan mata saya dimasukkan pasir oleh teman-teman saya.",,,,,,,
,,,,,,"Saya melapor ke orang tua saya, tapi mereka justru memarahi saya. ",,,,
,,,,,,"Ayah saya memukul saya dengan selang dan berkata bahwa saya harus melawan, jangan jadi anak yang lemah.",,,,
"Sejak itu, saya tidak pernah lagi bercerita kepada orang tua saya.",,,Saya berpikir bahwa saya harus menghadapi semuanya sendirian. ,,Saya merasa kecewa dan putus asa.,,,,,
,,,Saya menganggap boneka itu sebagai teman saya. ,,,,Saya mulai berbicara dengan diri sendiri dan boneka kesayangan saya. ,,,
,,,"Lalu di SMP, saya mulai melihat sosok yang hanya saya yang bisa lihat dan ajak bicara.",,,,,,,
,,,"Saya juga beberapa kali mencoba mengakhiri hidup, tapi saya masih bertahan sampai sekarang.",,,,,,,
,,,,"Tapi kadang-kadang saat saya sendirian atau di tempat ramai, sosok itu tiba-tiba muncul dan berbicara kepada saya.",,,,,,
,Kadang dia hanya mengajak saya berbicara atau menanyakan perasaan saya.,,,,,,,,,
,,,"Iya, saya memang sering mengalami masalah pencernaan sejak SMP. ",,,,,,,
,,,"Saya pernah terkena TB usus, dan saya juga sering kambuh maag serta asam lambung. ",,,,,,,
,,,,,,"Sudah, Kak. Saya tahu saya harus menjaga pola makan dan sudah beberapa kali berkonsultasi dengan dokter.",,,,
,,,"Sebenarnya tidak terlalu mengganggu, tapi ada saat-saat di mana saya merasa sangat lelah dan sulit berkonsentrasi. ",,Kadang saya khawatir apakah saya bisa bertahan dengan jadwal kuliah yang padat.,,,,,
,,,,,Saya takut kalau nanti saya tidak bisa mengatur waktu dengan baik dan akhirnya ketinggalan tugas. ,,Saya sering merasa cemas membandingkan diri saya dengan teman-teman yang terlihat lebih bisa mengatur semuanya dengan baik.,,,
,,,"Di rumah ada banyak konflik antara ayah dan ibu, terutama tentang peran mereka dalam keluarga. ",,Mereka sering bertengkar tentang hal itu.,,"Ayah saya memiliki pola pikir yang sangat patriarkal, sementara ibu saya ingin lebih mandiri. ",,,
Saya biasanya berusaha untuk tidak memperdulikan ayah dan lebih dekat dengan ibu. ,,"Saya sering keluar berdua dengan ibu, dan itu membuat saya merasa lebih tenang.",,,,,,,,
,,"Iya, saya merasa lebih bisa bercerita dengan ibu. ",Tapi saya juga merasa ada jarak dengan ayah,saya tidak tahu apakah itu baik atau buruk.,,,,,,
Saya juga merasa sering menyalahkan diri sendiri dan sulit mengekspresikan emosi saya.,,,,,Saya sering merasa kehilangan kesadaran atau hampir pingsan ketika mendengar bentakan atau suara keras. ,,,,,
,,,,,Saat itu saya ikut pelatihan paskibra dan pelatihnya sering berteriak dengan nada tinggi. ,,,,,
,,,,,"Saya mulai merasa pusing, jantung berdebar, hingga kehilangan keseimbangan.",,,,,
,,,Mungkin karena sejak kecil saya sering mendapat tekanan dari orang tua saya. ,,,Mereka menuntut saya untuk selalu mengalah dan menjaga adik saya. ,,,,
,,,,,,"Ibu saya perfeksionis, dan saya merasa harus selalu memenuhi harapan mereka.",,,,
,,,,,,"Ibu saya selalu menuntut saya untuk menjadi yang terbaik, baik dalam hal akademik maupun sikap. ",,,,
,,,,,,"Saya selalu diminta untuk menjaga adik saya, meskipun saya merasa adik saya sulit diatur. ",,,,
,,,,,,"Kami sering bertengkar, tapi ibu selalu berpihak pada adik saya.",,,,
,,,Saya biasanya hanya diam dan memendam perasaan saya. ,,Saya tidak ingin marah karena takut dianggap anak yang durhaka.,,,,,
,,,"Saya masih merasa ada jarak, terutama dengan ibu saya. ",,"Saya ingin bisa berkomunikasi lebih baik, tapi saya juga takut jika saya menyampaikan perasaan saya, mereka akan marah.",,,,,
,,,Saya pernah mengalami bullying saat SMA. ,,Saya tidak melawan atau melaporkan kejadian itu karena saya tidak ingin menambah masalah.,Salah satu teman saya mengajak teman-teman lain untuk menjauhi saya karena saya dianggap 'cupu'. ,,,,
,,,Saya merasa sangat sendirian. ,,"Saya ingin berbicara dengan orang tua saya, tapi saya tahu mereka akan marah dan menganggap saya lemah.",,,,,
,,"Saya baik-baik saja, Kak. ",,,,,"Tapi saya juga merasa cemas, terutama tentang tugas ospek yang harus diposting di media sosial.",,,
,,,,,"Suara-suara itu mulai muncul lagi, terutama saat saya merasa diperhatikan. ",,,,,
,,,,,Saya juga masih merasa takut kalau suatu hari ada yang menghubungkan saya dengan foto yang pernah tersebar.,,,,,
mendengar suara yang mengatakan 'kamu tidak layak dicintai',,,,,"Beberapa hari lalu, ketika ada orang yang melihat saya dari kepala sampai kaki. ",,,,,
,,,,,Saya langsung merasa panik ,,,,,
"Saya biasanya mengabaikannya, ",,agar saya merasa lebih baik.,,,,,ada saat di mana saya merasa perlu diperhatikan oleh orang lain,,,
,,,,,"Ya, saya merasa tidak aman. ",,,,,
,,,,,Rasanya seperti semua orang akan menilai saya berdasarkan masa lalu saya.,,,,,
,Itu mungkin bisa membantu,,,,,,,,,
,Saya akan mencobanya.,,,,,,,,,
,,,,,,Teman saya mengatakan sesuatu yang menyebalkan tentang kejadian lama itu. ,,,,
,,,,,,Saya langsung marah dan mendorongnya.,,,,
,,,,,,,"Saya merasa cukup cemas, Kak. ",,,
,,,,,,,Saya bingung dengan apa yang harus saya lakukan mengenai beasiswa saya yang sudah pasti akan dicabut.,,,
tapi juga merasa bersalah. ,,,,"Saya sebenarnya bukan hanya bingung tentang beasiswa ini, Kak, ",,,,,,
,,Ibu saya sangat bangga saya bisa kuliah di Maranatha,,,"Saya takut kalau saya memberitahu ibu, beliau akan kecewa atau sedih.",,,,,
,,apalagi karena saya satu-satunya anak di keluarga yang bisa kuliah. ,,,Beliau sering membanggakan saya ke tetangga. ,,,,,
,,,,,Saya hanya tidak tahu bagaimana cara mengatakannya dengan baik.,,,,,
,,,,,"kalau saya terus menyembunyikannya, akhirnya ibu tetap akan tahu. ",,,,,
,"Itu bisa jadi ide yang bagus, Kak. ",,,,,,,,,
,"Kakak kedua saya yang membiayai kehidupan saya dan ibu, jadi mungkin saya bisa bicara dengannya dulu untuk mencari cara terbaik sebelum berbicara dengan ibu.",,,,,,,,,
,"Saya tidak tahu apakah itu mungkin, tapi saya ingin mencobanya. ",,,,,,Saya ingin merasa bahwa saya sudah melakukan segalanya sebelum benar-benar berhenti kuliah.,,,
,,,,,,,Saya berpikir untuk mencari pekerjaan dulu. ,,,
,,,,,,,Mungkin saya bisa bekerja dan menabung untuk kembali kuliah di kemudian hari.,,,
,,,Sejak kecil saya merasa sulit berteman. ,"Bahkan saat kuliah, saya pernah memiliki teman saat orientasi mahasiswa baru, tapi mereka sepertinya tidak benar-benar menganggap saya bagian dari kelompok mereka. ",,,,,,
,,,Saya merasa teman-teman saya tidak pernah mengajak saya bermain. ,Mereka sering bermain bersama tanpa mengajak saya.,,,,,,
,,,Sejak SD. Saya tidak punya teman. ,"Di SMA, saya dijauhi oleh teman-teman tanpa alasan yang jelas. ",,"Lalu di SMP, saya menyukai seorang laki-laki, tapi dia malah mengatakan saya jelek dan gemuk. ",,,,
,,,,,,"Saya pernah mencoba mendapatkan beasiswa ke Taiwan, tapi saat saya gagal, mereka justru tertawa dan mengatakan ingin 'meledakkan Taiwan'.",,,,
,,,"Saya merasa tidak dihargai, dan itu membuat saya bertanya-tanya, 'Untuk apa saya hidup?'",,,,,,,
,,,Mungkin yang di SMA... saya merasa benar-benar tidak diinginkan. ,,,,,,,
,"Terima kasih, Kak",,,,,,,,,
,Mungkin... saya bisa mencoba.,,,,,,,,,
,"Jadi, saya punya seorang kakak laki-laki di gereja yang sudah saya anggap sebagai kakak sendiri. ","Saya selalu berusaha membantu dia, bahkan saat saya lelah atau waktu sudah malam. ",,Tapi semua berubah sejak dia mengira saya ingin merebut pacarnya.,,,,,,
,Kami sering bersama karena kami ada di kepanitiaan retreat yang sama. ,,,,,,,,,
,,,Saya hanya berbicara dengan pacarnya tentang perasaan saya yang merasa dimanfaatkan. ,"Saya bilang kalau saya merasa seperti 'alat' yang membantu seseorang, tapi dia malah mengira saya mencoba mendekati pacarnya. ",,,,,,
,,,"Sejak itu, dia mulai menjauhi saya, mendiamkan saya di pertemuan, bahkan tidak menganggap saya ada di sana. ",,,,,,,
,,,,Saya awalnya bingung. ,"Tapi puncaknya adalah saat dia menelepon saya dan memarahi saya habis-habisan, menuduh saya selingkuh dengan pacarnya",,,,,
,,,,Saya tidak tahu harus bagaimana. ,"Kata-katanya kasar, dan dia sama sekali tidak mau mendengar penjelasan saya.",,,,,
Saya hanya diam. ,,,,,"Saya takut kalau saya membela diri, dia akan semakin marah. ",,,,,
"Tapi setelah itu, saya merasa sangat kecewa dan sakit hati. ",,,,,,,,,,
"Saya mulai menarik diri, bahkan saya tidak ingin berada di lantai yang sama dengannya saat ibadah.",,,,,,,,,,
,,,,,Iya. Saya mulai sulit percaya pada orang lain. ,Saya juga jadi lebih mudah marah kalau ada orang yang bertanya-tanya soal keadaan saya.,,,,
,,,,,Saya tidak bisa bercerita kepada teman-teman di gereja karena saya takut mereka akan membicarakan saya di belakang. ,,,,,
Saya tidak ingin terlalu dekat dengan siapa pun sekarang.,,,Ya. Saya merasa sulit untuk dekat dengan teman-teman di kampus. ,,"Saya takut jika saya terlalu terbuka, saya akan dikhianati lagi. ",,,,,
Rasanya seperti lebih baik menjauh dari semua orang daripada harus dikhianati lagi.,,,"Tapi sulit untuk percaya lagi, Kak. ",,,,,,,
,"Di chat itu, saya pernah bilang kalau saya tidak ingin berteman dengan orang lain selain yang sudah dekat dengan saya. ",,"Saya merasa sedih, tapi saya tidak tahu bagaimana mengungkapkan perasaan saya.","Saya baru tahu bahwa teman saya, B, menyebarkan isi chat saya di grup HIMA. ",,,,,,
,,,,Saya tidak mengerti kenapa B melakukan itu. ,,,,,,
Saya hanya diam dan berpura-pura tidak tahu. ,,,Saya tidak mengatakan apa-apa. ,,,,"Saya pikir, lebih baik saya tidak membahasnya daripada memperkeruh keadaan.",,,
Saya tidak ingin terlihat lemah di hadapan B.,,,"Sejujurnya, saya merasa sedih ",,,dan sedikit marah,Tapi saya selalu berpikir bahwa menunjukkan emosi negatif itu tidak baik. ,,,
,,,,,,"Iya, saya merasa kalau saya menunjukkan bahwa saya marah atau sedih, maka saya akan terlihat kalah di mata B.",,,,
,,Saya cukup senang karena nilai saya meningkat.,,,,,,,,
,,"IPK saya sekarang 3.06, dan beasiswa Teknik Nusantara saya masih berlanjut.",,,,,,,,
,,,,,Saya kesulitan mengkomunikasikan keinginan saya kepada dosen wali saya. ,,,,,
,,,,,"Saya ingin mengkontrak 22 SKS, tapi karena dosen wali saya bilang 'tidak perlu ambil banyak-banyak,' saya langsung diam dan hanya mengikuti saran beliau.",,,,,
,,Saya merasa sedikit lega,,tapi tetap ada perasaan aneh. ,,,,,,
,,"Saya merasa baik-baik saja sekarang, ",,tapi tidak tahu apakah ini hanya sementara atau akan kembali lagi nanti.,,,,,,
,,,,,,Saya masih sering marah kalau ada orang yang menegur saya atau mengabaikan saya. ,Tapi saya sadar kalau itu berlebihan dan saya tidak ingin kelepasan.,,,
,,,,,,Rasanya ingin membalas atau bahkan melukai mereka. ,,,,
,,,,,,"Biasanya kalau saya merasa tidak dihargai atau diabaikan, saya langsung kesal. ",,,,
,,,,,,Tapi akhir-akhir ini saya juga merasa lebih cepat marah kalau ada orang yang terlalu banyak bertanya atau ingin terlalu dekat dengan saya.,,,,
Saya tidak suka dan merasa dia terlalu menempel.,,,,,"Dia sebenarnya baik, tapi akhir-akhir ini dia sering bertanya banyak hal dan ingin selalu bersama saya. ",,,,,
saya tidak suka rasanya. ,,,,jadi saya bingung harus bagaimana.,,,Tapi saya juga tidak ingin menyakiti perasaannya,,,
itu sangat mengganggu.,,"Iya, tapi tidak sesering sebelumnya",,,"Kadang saya masih merasa dia mengawasi saya, terutama kalau saya akan ujian atau merasa stres. ",,,,,
,,,,,Saya juga kadang masih mencium bau melati atau darah,,,,,
,,,,,"Kadang dia muncul tanpa alasan, dan itu yang membuat saya takut.",,,,,
Tidak! Saya tidak mau ke psikiater,,,,,,,,,,
"Tetap saja, saya tidak ingin orang tua saya tahu.",,,,,,,,,,
,"Baik, Kak.",,,,,,,,,
,,tapi saya sudah mulai bisa mengabaikannya.,,,Kadang muncul sebelum tidur atau saat saya merasa stres,,,,,
,,,,,Saya juga kadang masih mencium bau melati atau darah,,,,,
,"Baiklah, saya akan coba menuliskannya",,,,,,,,,
dibandingkan dengan yang lain.,,Tapi saya lebih baik saat bersama ibu. ,"Tidak banyak berubah, saya masih sering merasa tidak nyaman di rumah. ",,,,,,,
,,Saya merasa lebih aman bersamanya ,,,,,,,,
,Aku mencoba lebih membuka diri,,,,Rasanya agak canggung,,,,,
,mulai dari menyapa teman-teman lebih dulu. ,,,,,,,,,
,tapi aku mencoba pelan-pelan.,,,,,,,,,
,tapi setidaknya aku tidak lagi merasa terlalu sendirian.,,"Sejujurnya, belum ada perubahan besar. ",,,,,,,
,,,Aku masih belum punya teman yang benar-benar dekat di kampus,,,,,,,
,,,"Masih sulit, Kak. ",,,,Tapi aku mencoba untuk lebih rajin membaca dan mengerjakan tugas tepat waktu,,,
,,,Aku tetap merasa bahwa materi kedokteran tidak mudah untukku. ,,,,,,,
,"Baik, aku akan coba.",,,,,,,,,
,Aku masih sering berkomunikasi dengannya. ,,,,,,,,,
,Kami bertemu setiap liburan semester,,,,,,,,,
,Dia satu-satunya teman yang benar-benar mengerti aku.,,,,,,,,,
,,,"Sebenarnya, ada masalah baru, Kak. ",Ibuku baru saja tahu bahwa aku pernah berpacaran. ,Aku benar-benar takut ,,dan cemas setelah beliau mengetahuinya.,,,
,,,"Saat beliau tahu, handphone dan tabletnya langsung disita. ",Bahkan semua chat dan percakapanku dengan mantan dibaca habis oleh ibuku. ,"Beberapa waktu lalu, aku sempat pacaran diam-diam, karena ibuku memang melarangku pacaran sejak SMA. ",Aku merasa benar-benar tidak punya ruang pribadi.,,,,
,Aku tahu ibuku ingin aku fokus kuliah,,tapi aku juga merasa seperti tidak bisa jadi diri sendiri. ,,Tapi aku juga takut. ,"Aku marah, Kak. ",,,,
,,,,,,Aku merasa terlalu dikekang.,,,,
"Tidak, Kak. ",,,,,"Aku takut kalau aku mencoba bicara, malah tambah dimarahi atau dilarang lebih banyak hal lagi",,,,,
,,,Tapi aku merasa seperti selalu salah di mata ibuku.,,Aku juga ingin bisa menghindari konflik. ,,,,,
,Itu masuk akal. ,,,,,,Aku tidak mau terus-menerus merasa putus asa,,,
,aku akan coba. ,,,,,,"Kak, ibuku menelepon. Aku harus angkat dulu…",,,
,,,,,,,,,,
,,,"Aku pusing banget, Kak. ",,Aku nggak tahu lagi harus gimana… ,,"Aku kuliah, magang, terus masih harus ngurus organisasi juga. ",,,
,,,Aku merasa kayak nggak punya waktu buat diri sendiri. ,,,,"Aku kepikiran buat keluar dari organisasi, tapi aku nggak yakin keputusan itu benar.",,,
,,,Iya… Awalnya aku nggak niat jadi ketua. ,Tapi tiba-tiba aku malah yang kepilih,,,,,,
,,,Nama aku cuma dicantumin biar ada pilihan lebih dari satu. ,,,,,,,
,Awalnya biasa aja,,"Tapi makin lama aku sadar kalau aku nggak punya cukup pengalaman, ",,,Katanya aku ketua yang nggak kerja.,Aku pikir bisa dijalanin. ,,,
,,,terus aku denger juga ada yang ngomongin aku di belakang. ,,,,,,,
,Iya… padahal aku udah berusaha sebisa mungkin. ,,Tapi tetap aja kayaknya aku kurang. ,,,,,,,
,,,Aku juga merasa alumni lebih mendukung kandidat lain waktu pemilihan dulu,,,,,,,
,,, jadi kayaknya mereka nggak suka aku dari awal,,,,,,,
,Awalnya aku pikir cuma perasaan,,tapi lama-lama ada yang bilang kalau mereka memang lebih suka kandidat yang lain,,,,,,,
,,,"Iya, Kak… Aku jadi kepikiran terus",,,padahal aku juga udah capek sama kuliah dan kerja magang,,,,
jadi aku nggak mau berhenti,,Magang itu sebenarnya lumayan membantu aku untuk biaya jajan,"Masalahnya, aku nggak bisa",,Tapi jadinya aku harus pintar bagi waktu,"Aku sering begadang, kurang tidur, bahkan pernah nggak tidur tiga hari.",,,,
,,,"jadi akhirnya ya udah, begadang terus.",,,"Ya, tugas banyak banget. ",Aku ngerasa nggak bisa ninggalin salah satu,,,
,,,,,,"Ada tugas kuliah, terus harus nyiapin laporan buat magang, dan ada rapat organisasi. ",,,,
,,,malah makin nggak ada yang mendukung aku.,,tapi aku takut. ,,Sering… Aku kepikiran keluar dari organisasi,,,
,,,,,"Takut dibilang gagal, takut kalau aku malah bikin repot orang lain kalau pergi sekarang, takut juga kalau aku benar-benar berhenti",,,,,
,,,Ayah aku… dia masuk penjara bulan ini karena kasus di kantornya,,,,,,,
,,,Itu juga bikin aku makin kepikiran.,,,,,,,
,,,"Iya, aku jadi ngerasa harus lebih mandiri",,,,Aku harus cari cara buat bertahan sendiri.,,,
,,,nggak bisa terus bergantung sama keluarga. ,,,,,,,
,,,,,,"Ada sih beberapa teman, tapi aku nggak mau kelihatan lemah.",,,,
,,,,,"Kalau ada yang lihat aku sebentar aja, aku langsung mikir… ‘apa mereka mikir aku aneh?  Apa mereka nggak suka aku?’ Pokoknya overthinking terus.",,Aku selalu kepikiran tentang apa yang orang lain pikirkan tentang aku. ,,,
,,,,,Mungkin saat aku sedang bersama teman-teman atau di tempat umum. ,,,,,
,,,,,"Aku sering merasa kalau mereka sedang menilai aku, terutama soal penampilan aku",,,,,
,Iya… aku tahu mungkin nggak semua orang benar-benar memperhatikan aku,,,,tapi aku tetap nggak bisa menghilangkan pikiran itu.,,,,,
,"Iya, soalnya temanku sering cerita tentang masalah orang lain ke aku. ",,,,"Jadi aku kepikiran, gimana kalau dia juga cerita tentang aku ke orang lain?",,,,,
,,,dia malah tersinggung dan jadi nggak mau temenan sama aku lagi.,,Belum… aku takut kalau aku ngomong,,,,,
,,,,,Iya… aku takut dibilang lebay atau nggak percaya sama dia.,,,,,
,,,"Iya… aku ngerasa gemuk, jadi aku pengen kurusan. ","Tapi kata orang-orang, aku sebenarnya nggak gemuk.",,,,,,
,,"Aku udah mulai diet, dan itu lumayan membantu aku ngerasa lebih baik.",,,,,Ya… aku pengen ngerasa lebih percaya diri. ,,,
,,,,,cuma kadang masih kepikiran aja.,,"Iya, Kak. Aku juga nggak mau terlalu ekstrim sih",,,
,,,Ya… aku sering nunda-nunda. ,,,,,,,
,,,Ujung-ujungnya aku harus begadang buat ngerjain tugas mendekati deadline.,,,,,,,
,,,sejak SMP. Aku nggak tahu kenapa,,,tapi rasanya aku nggak berguna dan lebih baik nggak ada saja.,Aku sudah mencoba beberapa kali,,,
,,,Dari dulu aku selalu merasa nggak cukup baik. ,Sepertinya karena aku merasa tidak dihargai. ,,,,,,
,,,"Aku selalu dibandingkan, selalu dimarahi, dan aku merasa nggak pernah dianggap….",,,,,,,
,,,,,Tapi suara-suara itu… mereka nggak berhenti. ,,,,,
,,,,,Aku dengar suara bapak-bapak atau kadang ibu-ibu yang menyuruh aku untuk mati.,,,,,
,"Iya, aku mau coba",,,,,,,,,
,,,"Aku masih ingat semuanya… kejadian waktu aku TK, SD, bahkan SMP. ",,"Aku merasa seharusnya aku bilang ke orang lain, tapi aku takut dimarahi",,,,,
,,,Aku takut. Aku merasa kotor. ,,,,,,,
,,,,,Tapi aku masih merasa takut… ,,,,,
,,,,,"aku masih ingat gang itu, aku masih ingat wajahnya. ",,,,,
,,,,,"Aku merasa kalau aku lewat tempat itu, aku seperti kembali ke masa itu.",,,,,
,,,Aku merasa apapun yang aku lakukan nggak pernah cukup. ,,,"Aku mau masuk arsitektur, tapi dilarang. ",,,,
,,,"Aku juara kelas, tapi dibandingin sama anak orang lain. ",,,Aku ngerasa nggak punya kendali atas hidupku sendiri.,,,,
,,,,,Iya… Aku nggak bisa bilang apa-apa ke mereka,,,,,
,,,,,karena mereka pasti bilang aku ‘kurang bersyukur’ atau aku ‘melawan’ kalau aku ngomong.,,,,,
,,,"Iya, aku merasa seperti nggak bisa mengikuti pelajaran dengan baik. ",,,,,,,
,,,"Aku sering nggak ngerti penjelasan dosen, terus akhirnya aku jadi malas untuk mendengarkan lebih lanjut. ",,,,,,,
,,,,,karena takut salah atau semakin dianggap bodoh,,,,,
,,,,,"Aku jadi ngerasa nggak pede buat jawab atau berpartisipasi, ",,,,,
,"Aku sebenarnya punya teman, tapi lebih dekat dengan yang beda jurusan. ",,"Aku nggak tahu kenapa, rasanya lebih nyaman ngobrol sama mereka daripada sama teman-teman di kelas sendiri.",,,,,,,
,"Tapi aku nggak pernah benar-benar melakukannya, karena aku tahu itu salah",,"Iya… biasanya kalau aku merasa tertekan atau capek banget, ",,,aku mulai kepikiran buat nyakitin diri sendiri. ,,,,
,,,,,"Iya… jadi misalnya aku lagi di tempat umum, tiba-tiba ada orang yang lihat aku, entah itu sengaja atau nggak… aku langsung kepikiran, 'Apa mereka tahu tentang aku? ",,,,,
,,,,,Apa mereka ngeh sama foto itu?'. ,,,,,
,,,,,"Terus aku mulai dengar suara di kepala aku bilang kalau aku nggak pantas hidup, kalau semua orang pasti bakal ngejek aku…",,,,,
,,,,,"Kadang aku coba buat nggak dengerin, tapi rasanya susah. ",tapi di dalam kepalaku rasanya berantakan banget,,,,
,,,,,"Aku jadi panik, jantungku berdetak cepat, tanganku dingin, dan aku cuma mau cepat-cepat pergi. ",,,,,
,,,,,"Kadang aku juga cuma bisa diam, nggak bisa bergerak, ",,,,,
,,,,,Iya… aku takut kalau videonya viral terus ada yang ngeh sama aku. ,,,,,
,,,,,"Aku takut ada yang ngomongin aku lagi, bilang kalau aku mirip sama foto itu… ",,,,,
,,,,,aku nggak mau orang-orang tahu masa laluku,,,,,
,,,,,Sudah… tapi aku belum berani upload. Sudah… tapi aku belum berani upload. ,,,,,
,,,,,Aku takut.,,,,,
,Mungkin karena cowok lebih nggak ribet? , tapi sekarang malah lebih nyaman dengan mereka.,,Aku juga nggak tahu. ,Tapi… aku juga kadang merasa aneh sendiri karena dulu aku trauma,,,,,
,Mereka nggak banyak basa-basi. ,,,,,,,,,
,,,"Aku tuh akhir-akhir ini merasa lelah banget, Kak. ",,Aku juga mulai mengalami panic attack,,,,,
,,,"Aku ikut banyak kegiatan di UKM, dan itu membuat aku susah fokus di kuliah. ",,kayak… aku nggak bisa ngontrol semuanya.,,,,,
,,Tapi sebenarnya aku juga suka kegiatan-kegiatan itu. ,"Masalahnya, aku terlalu banyak mengambil tanggung jawab. ",,,,"Aku ikut UKM karena syarat beasiswa, Kak",,,
,,,"Aku jadi wakil ketua di satu kepanitiaan, terus juga ketua di paduan suara UKM",,,,,,,
,,,"semuanya jadi numpuk, dan aku nggak bisa fokus di kuliah.",,,,,,,
,,,"Jujur aja, nilainya turun. ",Aku nggak bisa fokus pas kuis karena tiba-tiba dikasih tugas mendadak dari UKM. ,Jadi otakku tuh kayak kebagi-bagi terus.,,,,,
,,,"Aku jadi nggak bisa konsentrasi, ",karena ada ekspektasi dari senior kalau aku harus bisa handle semuanya.,"Rasanya panik, Kak",malah makin stres,,,,
,,,,,"Aku kayak nggak bisa nolak juga, ",,,,,
,,,Aku jadi ngerasa kayak kembali ke masa lalu,,Pertama kali pas aku dengar ibu bertengkar sama abangku di kos. ,,,,,
,,,,,"Aku langsung ke-trigger karena dulu waktu kecil, rumah sering berantakan gara-gara pertengkaran di keluarga. ",,,,,
,,,,,"tiba-tiba napas aku jadi berat, terus aku nggak bisa mikir jernih, semuanya ngeblank. Aku pingsan.",,,,,
,,,Aku mau cerita soal mantanku dulu,,Aku ngerasa kayak… aku nggak bisa lepas dari dia.,,,,,
 aku kecewa,,,"Dulu, aku sama dia tuh cocok banget, Kak. ","Tapi ya… setelah aku tahu dia selingkuh, aku jadi bingung. ",,Aku marah,,,,
,,,Aku pikir dia orang yang bisa jadi pasangan serius buat aku. ,Aku nggak tahu harus gimana…,,,,,,
,,,api aku masih sayang,,,,,,,
,"Aku pikir, aku cukup buat dia. ",,,"Aku kayak nggak percaya, Kak. ",,Tapi nyatanya dia bisa dekat sama cewek lain dengan gampang.,,,,
,Aku pikir kita serius. ,,,,,,,,,
,"Kami masih teman, sih… ",kadang aku juga ketemu dia. ,Iya… Aku masih sering kepo media sosialnya,,Tapi ya… aku nggak tahu ini sehat atau nggak buat aku.,,,,,
,,,Aku mau cerita soal pacarku dulu… ,,,,,,,
,,,Aku ngerasa kayak… aku itu nggak diprioritaskan sama dia.,,,,,,,
,,"Dulu, awal-awal pacaran aku ngerasa diperhatikan banget. ","Tapi sekarang, dia jarang ngehubungin aku duluan. ",,,,,,,
,,"Terus kalau aku minta dijemput, dia mau sih","Kalau aku nggak chat, ya udah, dia juga nggak bakal ngehubungin. ",,,,,,,
,,,tapi kayak… ada syaratnya gitu. ,,,,,,,
,,,"Kalau aku beliin dia bensin atau makanan, baru dia jemput. ",,,,,,,
,,,"Kalau aku bilang aku nggak punya uang, dia tiba-tiba punya alasan buat nggak bisa ketemu.",,,,,,,
,"Aku sayang sama dia, Kak",,Aku ngerasa kayak aku nggak sepenting itu buat dia. ,Tapi aku juga bingung… ,,"Aku kesel, sih",,,,
,,,tapi aku juga capek.,,,,,,,
,Aku pikir pacaran tuh harusnya bikin bahagia,,"Iya, kayak aku yang lebih effort dibanding dia. ",,,,,,,
,,, tapi kenapa aku malah ngerasa kayak gini?,,,,,,,
,,,Iya… Aku ngerasa mama lebih perhatian ke adikku dibanding ke aku,Aku cuma disuruh istirahat di rumah.,"Waktu aku sakit beberapa bulan lalu, dokter nyaranin aku buat dirawat",,,,,
,,,tapi mama lebih pilih buat adikku aja yang dirawat di rumah sakit,,,,,,,
,,,"Sedih banget, Kak. ",,,,,,,
,,,Kayak… aku tuh nggak sepenting itu buat mereka. ,,,,,,,
,,,"Aku juga sakit, aku juga butuh dirawat",,,,,,,
,,,tapi mereka lebih pilih adikku.,,,,,,,
,,,Aku bilang ke mama kalau aku juga butuh perhatian. ,,,,,,,
,,,Tapi dia bilang aku jangan banyak permintaan.,,,,,,,
aku lebih milih nggak cerita lagi ke mama soal perasaanku.,,,Makanya aku sering diem aja,,,,,,,
Aku nggak suka ada di tempat ramai. ,,,Aku lebih suka sendiri…,,,,,,,
Rasanya nggak nyaman. ,,,,,,,,,,
Aku nggak suka main keluar,,,lebih nyaman di rumah aja.,,,,,,,
,,Iya… Di media sosial lebih gampang. ,,,,,Aku bisa ngobrol sama teman-temanku tanpa harus bertemu langsung.,,,
,,,,,Mereka nggak melihat aku secara langsung…,,Jadi aku nggak perlu khawatir kelihatan aneh atau gimana.,,,
,,,Aku ngerasa kayak nggak ada yang benar-benar suka sama aku. ,,,,,,,
,,,Mereka pikir aku aneh karena aku pendiam,,,,,,,
,,,jadi aku lebih milih diem aja.,,,,,,,
,,,"Iya, mereka pasti mikir aku sombong.",,Tapi sebenernya aku cuma nggak tahu harus ngomong apa.,,,,,
,,,,,"Aku tidak tahu kenapa, tapi akhir-akhir ini aku gampang kaget dan cemas setiap saat",,Iya… Aku memang ingin berbicara soal rasa takut yang sering muncul. ,,,
,,,,,bahkan ketika sedang belajar di kamar.,,,,,
kayak perasaan bersalah yang tidak hilang.,,,,"Misalnya saat aku sedang belajar di kamar, tiba-tiba mendengar suara pintu dapur terbuka",dan merasa khawatir. ,,Aku jadi selalu waspada seolah ada sesuatu yang buruk akan terjadi.,,,
,,,,aku langsung kaget ,,,,,,
,,,,,Kayak… aku takut ketahuan sesuatu. ,,,,,
,,,,"Waktu itu, keluargaku melakukan ritual komunikasi dengan eyang yang katanya merasuki tubuh tanteku. ",,,,,,
,,,,"Tiba-tiba, eyang bilang kalau kakakku sudah melakukan hal yang tidak senonoh dengan pacarnya. ",,,,,,
Aku nggak mau dipermalukan seperti kakakku.,Aku tahu aku tidak melakukan hal sejauh kakakku,,,,Aku takut kalau tiba-tiba aku juga ‘ketahuan’. ,,Aku berusaha menjaga batas,,,
,,,,,tapi pacarku dulu memang agak agresif mendekatiku,,,,,
,,,,,"tapi tetap saja, aku takut tiba-tiba disebut melakukan sesuatu yang tidak benar. ",,,,,
,,,padahal aku nggak ngapa-ngapain.,,"Iya, aku takut banget… ",,,,,
,,,,,Setiap hari rasanya seperti ada yang mengawasi dan menilai aku,,,,,
,Aku tahu ini mungkin sepele,,Aku merasa ibu tidak pernah memahami aku. ,,,,"Selain itu, pernah juga saat ada diskusi keluarga tentang liburan, aku ingin ke Taman Safari karena belum pernah lihat binatang secara langsung.",,,
,,,"Misalnya, waktu aku minta dijemput karena capek kuliah, ibu tetap nyuruh aku pulang naik ojek sendiri. ",,,,,,,
,,,tapi rasanya kayak aku harus selalu mandiri dan nggak boleh mengeluh. ,,,,,,,
,,,Tapi ibu bersikeras memilih Dufan dengan alasan ‘aku dulu pernah bilang ingin ke Dufan’. ,,,,,,,
,,,"Aku mencoba menjelaskan, tapi malah ibu diam dan mendiamkan aku selama empat hari.",,,,,,,
,,,sedih,merasa nggak dihargai… ,,"Kesel, ",,,,
,,,Aku sering merasa seperti disalahkan hanya karena aku anak tengah,Aku merasa suara dan keinginanku tidak dianggap penting.,,,,,,
,,,"Aku merasa sulit berteman, ",,,sulit dihargai,,,,
,,,juga merasa kesulitan dalam belajar sejak awal kuliah. ,,,,,,,
,,,"Dulu waktu sekolah, ujian hanya ada UTS dan UAS",awalnya aku merasa kaget dengan sistem belajar di kuliah,,,,,,
,,,Aku jadi kewalahan di awal semester karena harus cepat beradaptasi.,"Tapi di kuliah, setiap selesai satu blok materi, langsung ada ujian. ",,,,,,
,,"Setelah masuk semester kedua, aku sudah mulai terbiasa dan bisa mengikuti materi lebih baik.",,,,,Aku mulai bikin to-do list dan mengatur waktu belajar. ,,,
,,"Sejauh ini cukup membantu, ",,,,,tapi aku masih ingin tahu apakah ada cara lain yang bisa lebih efektif.,,,
"Tapi kalau menurutku mereka hanya menjadi beban, aku tidak terlalu tertarik untuk berteman dengan mereka.",,,Aku merasa sulit menemukan teman yang satu frekuensi denganku. ,,,,Aku lebih suka berteman dengan orang yang ada manfaatnya buatku. ,,,
,,,,,,,"Kalau mereka pintar di bidang yang aku kurang, aku bisa belajar dari mereka. ",,,
Aku juga sulit berempati kalau mereka cerita soal pacar atau masalah pribadi.,,,"Kayaknya aku dianggap kurang asik, kurang bisa diajak ngobrol hal-hal santai seperti soal perasaan atau kehidupan pribadi. ",,,,,,,
,,,Dulu teman-temanku bilang aku nggak asik karena nggak bisa diajak ngobrol soal pacaran atau hal-hal emosional. ,,,,"Dari situ, aku mulai menjauhi mereka dan hanya berteman dengan yang menurutku ‘berguna’ buatku.",,,
jadi sejak kecil aku selalu disuruh rebonding. ,,,"Sejak kecil, aku merasa tidak ada yang spesial dalam diriku. ",,,,,,,
"Sampai sekarang, aku merasa tidak nyaman dengan rambutku sendiri.",,,Orang tuaku sering bilang aku tidak cantik. ,,,,,,,
,,,"Rambutku mengembang dan keriting, ibuku tidak suka, ",,,,,,,
,,,Aku merasa tidak berharga karena dari kecil aku dianggap ‘kurang’ oleh keluargaku sendiri.,,,,,,,
"Ya, aku memang agak terganggu. ",,,,,"Saat orientasi kemarin, ada beberapa momen di mana aku merasa ditegur dengan nada yang keras",,,,,
,,,,,itu bikin aku langsung tegang. ,,,,,
,Aku tahu maksudnya baik,,tapi tetap saja aku merasa sulit.,,Seperti ada sesuatu yang langsung menghantam dadaku… ,,,,,
,,,,,"Aku merasa seperti kembali ke masa-masa dulu, ketika ayah sering menegurku dengan keras. ",,,,,
,,,,," Dulu, kalau aku melakukan sesuatu yang tidak sesuai dengan harapan orang tua, terutama ayah, aku bisa ditegur habis-habisan. ",,,,,
,"Aku tahu sebagai anak pertama aku harus jadi contoh, harus bisa memenuhi ekspektasi keluarga. ",,Iya… Dulu aku merasa gagal terus di mata ayah. ,,"Apalagi ayah praktisi hukum, jadi dia ingin aku serius di bidang ini.",Ada masa di mana aku melakukan banyak hal yang dia tidak setujui,,,,
,,,itu membuat hubungan kami memburuk. ,,,,,,,
,,"Tapi lama-lama, aku mulai merasa tertarik juga. ",,Awalnya… aku rasa karena ayah. ,,,Aku ingin membuktikan bahwa aku bisa berhasil dan bisa membuatnya bangga. ,,,
,,"Aku sering diskusi dengan ayah soal hukum sekarang, dan itu membuat hubungan kami membaik. ",,,,,,,,
,,,,,"Iya… Kadang aku takut kalau aku gagal, ",,Aku nggak mau mengecewakan dia lagi seperti dulu,,,
,,,,,ayah bakal kecewa lagi. ,,,,,
,,,Mungkin lebih ke perasaan dalam diriku sendiri… ,,,,Aku hanya ingin memastikan kalau aku bisa melakukan yang terbaik.,,,
,,,Segalanya terasa berat.,,,,,,,
,,,"Aku tidak bisa menyelesaikan tugas-tugasku dengan baik, ",,,,,,,
,,,"aku selalu menunda pekerjaan, dan semakin lama semakin banyak yang tertumpuk. ",,,,,,,
,,,Aku juga sadar kalau teman-temanku sudah mulai kesal karena aku kurang bisa berkontribusi dalam tugas kelompok.,,,,,,,
"Kadang aku malah bermain handphone, membaca novel, atau tiba-tiba aku merasa mengantuk dan memilih tidur. ",,,"Aku mulai mengerjakan tugas, lalu entah bagaimana aku malah terdistraksi. ",,"Saat sadar sudah larut malam, aku panik dan buru-buru mengerjakan, tapi tetap tidak selesai.",,,,,
,Aku tahu ini salahku,,Aku merasa sangat bersalah… ,,tapi aku tidak bisa mengendalikan diri.,,Aku hanya ingin berhenti merasa seperti ini.,,,
tapi aku tetap mengulangi kesalahan yang sama.,,,Mereka mulai mengeluh kalau aku kurang berkontribusi. ,,Beberapa dari mereka mencoba mengingatkanku soal tugas,,,,,
,,,tapi aku tetap tidak bisa mengerjakan dengan baik. ,,,,,,,
,,,"Aku minta maaf, ",,,,,,,
Aku merasa semakin buruk. ,,,,,Aku juga sering berbohong untuk menghindari masalah… ,,Aku bilang ke guru kalau aku sudah mengumpulkan tugas tapi gurunya yang lupa,,,
,,,,,,,aku meyakinkan ibu bahwa tugas sudah selesai padahal tidak.,,,
Aku benci kalau orang marah padaku… ,,,,,Aku takut dimarahi. ,,,,,
,,,,,"Aku pernah ketahuan berbohong dan akibatnya malah lebih parah, ",,,,,
,,,,,,,,,,
,,,,,,,,,,
,,,,,,,,,,
,,,,,,,,,,
,,,,,,,,,,
,,,,,,,,,,
,,,,,,,,,,
,,,,,,,,,,
,,,,,,,,,,
,,,,,,,,,,
,,,,,,Tapi saya merasa sulit untuk mengontrol perasaan saya.,,,,
,,,,,,"Saya belum tahu, Kak. Kadang saya ingin tetap bersama, tapi kadang saya berpikir mungkin lebih baik sendiri.",,,,
,,,,,,tapi masih agak sulit fokus,,,,
,,,,,,,"Saya mencoba menenangkan diri dengan mengatakan ‘It’s okay, ini cuma sebentar, pasti bisa kok’. ",,,
,,,,,,,Tapi tetap saja saya masih merasa cemas.,,,
,,mereka justru berusaha memahami saya dan sering memberi motivasi supaya saya lebih tenang.,,,,,,,,
,Saya masih bisa mengendalikannya dan saya juga bisa mengabaikannya jika saya tidak ingin berbicara dengannya.,,,,,,,,,
,,,Saya sering merasa bahwa pencapaian saya tidak sebesar teman-teman saya. ,"Saya melihat mereka bisa mengatur waktu dengan baik, selalu aktif di kelas, dan sepertinya tidak terlalu kesulitan menghadapi kuliah.",,, Saya takut tidak bisa berperan dengan baik dalam kehidupan saya sendiri.,,,
,Mungkin saya memang terlalu fokus pada kelemahan saya sendiri…,,,,,,,,,
,"Iya, mereka selalu ingin saya menjadi kuat. ",,,,,"Saya tidak ingin mengecewakan mereka, jadi saya hanya memendam semuanya.",,,,
,,,,Saya tidak pernah melihatnya dari sudut pandang itu sebelumnya.,,,,,,
Saya tidak ingin membicarakan terlalu banyak tentang itu,,,Saya hanya merasa malu. ,,,,,,,
Saya biasanya hanya menyalahkan diri sendiri.,,,Itu adalah masa yang sangat buruk bagi saya.,,,,,,,
,Saya tahu saya harus bisa menerima masa lalu,,Kadang saya merasa ingin melupakan semuanya,,tapi di sisi lain saya takut orang lain akan terus mengingatnya.,,,,,
,,,,Saya diminta membuat video perkenalan di TikTok. ,tapi saya takut untuk mengunggahnya. ,, Saya sudah membuatnya,,,
,,,,,Saya khawatir kalau ada yang melihatnya dan mengenali saya dari foto yang dulu tersebar.,,,,,
,mungkin saya akan merasa lebih lega. ,,Saya tidak tahu... ,, Tapi saya juga takut kalau ada yang mengomentari sesuatu yang menyakitkan,,,,,
"Sejujurnya, saya tidak merasa bersalah. ",,,,,Saya lebih takut kalau teman-teman saya akan menilai saya buruk setelah kejadian itu.,,,,,
,,,,"Mungkin ada, tapi saya belum tahu caranya. ",Saya sering merasa kalau saya tidak bisa mengendalikan reaksi saya ketika marah.,,,,,
,,"Di semester 1 saya hanya mendapat nilai 16 untuk mata kuliah itu, tapi di semester 2 saya sudah berusaha lebih keras dan nilainya naik jadi 50","Begitu masuk kuliah, saya kesulitan mengikuti mata kuliah yang penuh dengan hitungan seperti rangkaian listrik. ",,,,,,,
,,,"Saya juga mencoba mengulang materi sendiri, tapi tetap terasa sulit bagi saya.",,,,Saya banyak bertanya kepada teman-teman yang lebih paham. ,,,
,,,,,tapi saya ragu apakah saya masih bisa melanjutkan kuliah.,,Saya sebenarnya ingin mengikuti kelas tambahan atau bimbingan belajar,,,
,,,,,,,Saya ingin mencari pekerjaan yang masih berhubungan dengan bidang teknik atau pekerjaan yang bisa membantu saya menabung. ,,,
,,,,,,,"Kalau bisa, saya ingin bekerja di Maranatha, mungkin sebagai asisten laboratorium atau posisi lain yang memungkinkan.",,,
,,,Ayah saya pernah bilang bahwa saya ini aneh,,,,,,,
,,,bahwa saya merasakan hal yang tidak wajar.,,,,,,,
,,,"Ketika saya melihat teman-teman yang bisa bermain bersama, tapi saya tidak pernah diajak. ",,Biasanya muncul saat saya merasa sendirian. ,Rasanya saya tidak dibutuhkan dan tidak ada yang peduli jika saya ada atau tidak.,,,,
,,,"Tapi seperti yang saya bilang, dia malah memarahi saya",,,,,,,
,,,"Saya ingin punya teman, tapi saya tidak tahu bagaimana memulainya.",,,,,,,
,,,,,Tapi saya takut mereka tidak akan peduli dengan saya.,,,,,
,,"Saya sebenarnya suka bahasa Mandarin dan budaya Cina, makanya saya mengambil program ini.",,,,,,,,
,,Saya ingin punya teman yang bisa mengerti saya.,,,,,,,,
,,,,,"Saya takut kalau saya mencoba lagi, saya akan dikhianati lagi.",,,,,
,"Saya tahu dia tidak pernah menjelek-jelekkan saya, tapi saya juga tidak pernah terlalu terbuka dengannya.",,Mungkin saya bisa mulai berbicara dengan teman di kampus yang sudah lama saya kenal. ,,,,,,,
,Saya mengerti. Saya akan coba perlahan.,,,,,,,,,
,,,Tapi bagaimana caranya? ,,,Saya masih merasa marah dan kecewa.,,,,
,,,,,Tapi saya tidak tahu bagaimana cara mengekspresikannya dengan benar.,,,,,
,,,"Pernah, tapi saya tidak begitu paham bagaimana cara melakukannya.",,,,,,,
,,,,,"Tapi saya takut kalau saya mengatakan itu, justru akan memperburuk hubungan saya dengan B dan teman-teman lainnya.",,,,,
,"Baik, saya akan mencoba. Tapi mungkin saya butuh latihan dulu.",,,,,,,,,
,,,,,"Saya takut kalau saya memaksa, saya akan dianggap membangkang atau tidak menghormati dosen.",,,,,
,,,,,,,,,,
,,,,,,,,,,
,,,Orang tua saya tidak akan senang kalau saya pergi ke psikiater. ,,Nenek saya dulu ke psikiater dan selalu diberi obat dalam jumlah banyak. Akhirnya dia malah terkena diabetes. ,,Orang tua saya tidak ingin hal itu terjadi pada saya.,,,
,,,,,,,Saya tidak mau ada orang lain yang tahu soal ini.,,,
,,,,,,,,,,
,"Oke, saya akan coba.",,,,,,,,,
,,,,,,,,,,
,,,,,,,saya ingin tinggal hanya dengan ibu,,,
,,,,,,,"Saya merasa lebih bisa bercerita kepadanya, meskipun kami juga sering bertengkar.",,,
"Tidak, saya tidak mau ke psikiater. ",,,,,,,,,,
Saya tidak mau minum obat seperti nenek saya dulu.,,,,,,,,,,
,Tapi orang tua saya tidak akan setuju,,,,,,,,,
,,,"Tapi karena aku belum punya teman dekat di kampus, aku lebih banyak belajar sendiri.",,,,Aku sebenarnya lebih bisa memahami materi jika belajar bersama. ,,,
,,Aku bisa cerita banyak hal tanpa merasa takut dihakimi.,,,,,,,,
,,,,,"Kalau aku ketahuan pacaran, ikut organisasi, atau melakukan hal di luar akademik, pasti langsung dimarahi.",,Biasanya kalau aku ketahuan melanggar aturan yang ibuku buat. ,,,
,,,,,,,,,,
,,,,,"Maaf, Kak, ibuku marah besar. ",,,,,
,,,,,Aku harus pulang sekarang.,,,,,
,"Mungkin aku harus coba, ya?",,,,,,,,,
,,,,,,,Aku mau… tapi aku nggak tahu gimana caranya.,,,
,,,,,Aku mau… tapi aku takut.,,,,,
,,,Aku ngerasa nggak punya tempat di sana. ,,Mungkin karena aku merasa mereka lebih kompetitif? ,,,,,
,,,,,"Aku takut kalau aku berusaha lebih keras, aku malah dinilai sok atau jadi saingan mereka.",,,,,
,tapi aku mau coba kalau itu bisa membantu.,,,Aku belum pernah coba,,,,,,
,,,,,,,,,,
,,,,,Aku jadi takut kalau kejadian itu bakal terulang lagi.,,,,,
,,,,,,,,,,
,,,"Kayaknya lebih banyak negatifnya, Kak. ",,,,"Aku jadi overthinking terus. Kayak… dia masih peduli nggak, ya? Atau aku cuma jadi cadangan buat dia?",,,
,,,,,,,,,,
,,,,,,,,,,
,,,"Sebagian besar sih karena mantanku, tapi ada juga karena kuliah. ",,"Aku jadi nggak fokus, Kak. ",,,,,
,,,,,,,Tapi aku juga nggak tahu harus gimana.,,,
,Aku suka nulis… ,,,,"Tapi kadang kalau aku udah terlalu sedih, aku malah nyakitin diri sendiri.",,,,,
,,,,,,,,,,
,,,,,,,,,,
,,,,,,,,,,
,,,,,,,,,,
,,,,,,,,,,
,,,,,,,,,,
,,,,,,,,,,
,,,,,,,,,,
,,,,,,,,,,
,,,,,,,,,,
,,,,,,,,,,
,,,,,,,,,,
,,,,,,Itu masuk akal. Saya memang sering merasa seperti membeku saat dimarahi,,,,
,,,,,,"Iya, saya pikir itu satu-satunya cara agar saya bisa membantu keluarga dan tidak terlalu membebani mereka.",,,,
,,,,,,,"Itu masuk akal, Kak. Saya memang selalu berpikir bahwa saya akan dipermalukan, padahal kenyataannya teman-teman saya baik-baik saja.",,,
,,,,,"Oke, Kak.",,,,,
,,,,,,,,,,
,,,,,,"Iya… aku tahu ini nggak baik, tapi selalu aja kejadian kayak gini.",,,,
,,,,,,Biasanya saat aku sendirian… atau saat aku merasa sangat stres. Terutama kalau aku sedang diperlakukan tidak adil oleh orang tua atau saat aku diingatkan tentang masa lalu.,,,,
,,,,,,"Ada, aku nggak suka pelajaran yang terlalu banyak hitung-hitungan atau yang harus ngapalin rumus-rumus. Kalau mata kuliah itu, aku langsung kehilangan semangat buat belajar.",,,,
,,,,,,,,,,
,,,,,,Kayaknya bisa dicoba… tapi aku takut kalau mereka nggak nerima aku.,,,,
,,,,,,Nggak… biasanya aku cuma menyendiri aja sampai perasaannya hilang sendiri.,,,,
,,,,,,,,,,
,,,,,,,"Wah… ternyata ini lumayan membantu, ya.",,,
,,,,,,,,,,
,,,,,,"Belum sih… Aku biasanya malah tenggelam di media sosial, stalking dia atau nge-scroll tanpa tujuan.",,,,
,,,,,,,"Wow… aku jadi lebih tenang, Kak.",,,
,,,,,,,,,,
,,,,,,,,,,
,,,,,,,,,,
,,,,,,tapi kadang aku masih ragu untuk cerita lebih banyak,"Iya mereka baik. Aku merasa nyaman,",,,
,,,,,,,,,,
,,,,,,,,,,
,,,,,,,,,,
,,,,,,,,,,
,,,,,,"Aku tidak yakin bisa melakukannya. Aku merasa kalau aku menurunkan standar, aku akan ikut menjadi seperti mereka.",,,,
,,,,,,Tapi aku masih merasa sulit untuk benar-benar mengubah cara pandangku,,,,
,,,,,,tapi saya masih kesulitan fokus,,,,
,,,,,,,Saya merasa lebih nyaman. Saya paling suka gerakan menyentuh dada dengan lembut dan memeluk dikir sendiri.,,,
,,,,,,,Saya merasa lebih tenang setelah melakukan ini.,,,
,,,,,,,"Saya merasa lebih tenang setelah mencoba ini, Kak,",,,
,,,,,,,"Iya, itu benar. Saya memang menikmati perkuliahan, walaupun saya masih beradaptasi.",,,
,,,,,,,Saya merasa lebih tenang setelah mencoba ini.,,,
,,,,,,,"Saya suka latihan ini, Kak. Saya merasa lebih baik setelah mengatakannya.",,,
,Saya akan mencobanya jika merasa marah lagi.,,,,,,,,,
,,,"Saya tidak ingin terus menyimpan dendam, tapi saya juga tidak mau berhubungan lagi dengannya.",,,,,,,
,tapi tetap menyampaikan apa yang saya inginkan ya?,,,,,,"Itu terdengar lebih sopan, ",,,
,"Itu bisa dicoba, Kak. ",,,,Tapi aku takut orang-orang sudah punya kelompoknya masing-masing.,,,,,
,Mungkin aku bisa mulai melukis atau jalan-jalan sebentar untuk mengurangi stres.,,,,,,"Aku akan coba lebih aktif berbicara, Kak.",,,
,Mungkin aku bisa mulai melukis atau jalan-jalan sebentar untuk mengurangi stres.,,,,,,,,,
,Tapi mungkin aku bisa mencoba.,,,,aku tidak tahu apakah itu bisa berhasil. ,,,,,
,Aku akan coba bicara sendiri nanti.,,,,. Aku takut nanti malah tambah parah. ,,,,,
,,,"Aku tidak terbiasa menulis tentang diriku sendiri, Kak.",,,,,,,
,,,,,,,,,,
,,,,,,,,,,
,,,,,,,,,,
,,,,,,,,,,
,,,,,,,,,,
,,,,,,,,,,
,,,,,,,,,,
,,,,,,,,,,
,,,,,,,,,,
,,,,,,,"Aku juga mau lanjut konseling sih, mungkin ini bisa membantu aku pelan-pelan.",,,
,,Aku jadi merasa lebih punya kendali atas situasi ini.,,,,,Aku akan coba semuanya. ,,,
,,,,,,,,,,
,,,,,,,,,,
,,,,,,,,,,
,,"Iya, aku merasa lebih lega setelah bicara ini. ",,,,,,,,
,, Aku merasa lebih lega setelah membicarakannya.,,,,,,,,
,,Aku merasa lebih lega setelah membicarakannya. ,,,,,Aku akan coba mulai menulis jurnal dan lebih terbuka dengan teman-temanku.,,,
,,,,,,,,,,
,Walaupun aku tahu ini tidak akan mudah.,Aku merasa sedikit lebih lega,,,,,,,,
,,Aku merasa lebih baik setelah berbicara,,,meskipun aku masih belum yakin dengan semuanya.,,,,,
,,,"Aku merasa hampa banget belakangan ini, kayak ada lubang besar di hati yang nggak bisa diisi apa pun.",,,,,,,
,,,"Jujur kak, aku merasa nggak berharga sama sekali setelah gagal di semester ini, rasanya mau menyerah aja.",,,,,,,
,,,"Kenapa ya Tuhan izinkan ini terjadi, aku merasa sendirian banget menghadapi duka kehilangan orang tuaku.",,,,,,,
,,,"Kadang aku cuma bisa nangis di kamar mandi biar nggak ada yang dengar, rasanya sesak banget di dada.",,,,,,,
,,,"Semuanya terasa abu-abu, nggak ada lagi hal yang bikin aku semangat buat bangun pagi.",,,,,,,
,,,Aku merasa jadi beban buat semua orang di gereja karena masalahku nggak selesai-selesai.,,,,,,,
,,,"Rasanya sakit banget pas tahu teman-teman nongkrong tanpa aku, apa aku sebegitu nggak bergunanya buat mereka?",,,,,,,
,,,"Sudah berbulan-bulan sejak dia pergi, tapi rasa sepinya masih sedalam ini, aku nggak tahu cara lanjutin hidup.",,,,,,,
,,,"Aku merasa gagal jadi anak, orang tuaku pasti kecewa banget punya anak kayak aku yang cuma bisa bikin susah.",,,,,,,
,,,"Hatiku hancur kak, aku nggak yakin apa Tuhan masih peduli sama kesedihan aku sekarang.",,,,,,,
,,,"Kadang aku mikir, dunia mungkin bakal lebih baik-baik saja kalau aku nggak pernah ada di sini. Sejak kejadian itu, aku merasa kehilangan jati diri aku yang dulu ceria, sekarang cuma ada rasa kosong.",,,,,,,
,,,"Aku merasa terisolasi dari lingkungan kampus, kayak ada tembok besar yang bikin aku nggak bisa nyambung sama siapa pun.",,,,,,,
,,,"Rasanya capek banget harus pura-pura kuat dan senyum di depan orang lain, padahal di dalam aku hancur.",,,,,,,
,,,"Tuhan, sampai kapan aku harus merasa kesepian kayak gini di tengah keramaian?",,,,,,,
,,,"Luka lama itu balik lagi kak, dan kali ini rasanya jauh lebih perih sampai aku nggak sanggup buat doa.",,,,,,,
,,,"Aku merasa nggak ada yang benar-benar sayang sama aku dengan tulus, semuanya pasti ada maunya.",,,,,,,
,,,"Setiap kali lihat foto lama, aku cuma bisa nangis karena kangen masa-masa pas semuanya belum hancur kayak sekarang.",,,,,,,
,,,"Rasanya seperti tenggelam di lautan yang dalam, dan aku nggak tahu gimana cara buat muncul ke permukaan lagi.",,,,,,,
,,,"Aku benci perasaan ini, perasaan di mana aku merasa paling nggak berguna di antara saudara-saudaraku yang lain.",,,,,,,
,,,"Kematian sahabatku itu benar-benar mengubah segalanya, sekarang duniaku terasa sunyi banget.",,,,,,,
,,,"Aku merasa dikhianati sama keadaan, kenapa hidup orang lain kelihatan gampang sedangkan aku susah banget?",,,,,,,
,,,"Seringkali aku merasa tidak nyaman bahkan di rumah sendiri, rasanya asing dan nggak ada tempat buat bersandar.",,,,,,,
,,,"Aku merasa nggak pantas buat bahagia, setiap ada hal baik datang, aku malah merasa takut itu bakal diambil lagi.",,,,,,,
,,,"Malam-malam adalah yang paling berat buat aku, karena di situ rasa sepi dan sedihnya datang barengan.",,,,,,,
,,,"Aku merasa sudah kehilangan arah hidup, nggak tahu lagi apa tujuan aku ada di dunia ini.",,,,,,,
,,,"Kayaknya aku emang ditakdirkan buat sendirian terus ya kak, nggak ada yang benar-benar mau bertahan sama aku.",,,,,,,
,,,"Hati aku rasanya mati rasa, aku pengen nangis tapi air mataku udah habis buat semua masalah ini.",,,,,,,
,,,"Aku merasa bersalah banget atas kepergiannya, seandainya dulu aku lebih perhatian mungkin nggak bakal kayak gini.",,,,,,,
,,,Kenapa ya aku selalu merasa kurang dan nggak pernah cukup baik di mata orang lain?,,,,,,,
,,,"Duniaku runtuh sejak putus hubungan itu, aku merasa nggak punya alasan lagi buat berjuang di kampus.",,,,,,,
,,,"Aku merasa sangat lelah secara emosional, rasanya energi aku habis cuma buat nahan sedih tiap hari.",,,,,,,
,,,"Terkadang aku merasa Tuhan itu jauh banget, kayak Dia nggak dengar pas aku teriak minta tolong dalam duka ini.",,,,,,,
,,,"Aku merasa terasing di circle ku sendiri, mereka semua kelihatan bahagia sementara aku merasa sendirian.",,,,,,,
,,,"Ada rasa hampa yang nggak bisa dijelasin kata-kata, kayak ada bagian dari jiwaku yang hilang entah ke mana.",,,,,,,
,,,"Aku sering merasa minder kalau ketemu teman-teman yang sukses, aku merasa paling gagal dan tertinggal jauh.",,,,,,,
,,,Rasanya sakit banget pas ingat semua kata-kata kasar yang mereka ucapkan ke aku dulu di sekolah.,,,,,,,
,,,Aku nggak tahu gimana cara maafin diri sendiri atas semua kesalahan masa lalu yang bikin aku hancur kayak sekarang.,,,,,,,
,,,"Kesedihan ini menyiksa banget, aku pengen pergi rasanya tapi nggak tahu harus ke mana.",,,,,,,
,,,Aku merasa nggak punya teman cerita yang bener-bener paham gimana sakitnya ditinggal orang yang paling disayang.,,,,,,,
,,,Kayaknya hidupku ini cuma rangkaian kegagalan demi kegagalan yang nggak ada ujungnya.,,,,,,,
,,,"Aku merasa sendirian di dunia ini, meskipun banyak orang di sekitarku tapi nggak ada yang benar-benar mengerti.",,,,,,,
,,,"Rasanya nggak ada gunanya lagi aku berusaha, ujung-ujungnya aku pasti bakal dikecewain lagi dan merasa sedih lagi.",,,,,,,
,,,Aku merasa tidak berharga karena selalu dibanding-bandingkan dengan orang lain yang lebih hebat dari aku.,,,,,,,
,,,"Duka ini terlalu berat buat aku tanggung sendirian, aku merasa mau pingsan setiap kali ingat kehilangan itu.",,,,,,,
,,,"Aku merasa seperti sampah yang nggak diinginkan siapa pun, rasanya sedih banget harus hidup dengan perasaan ini.",,,,,,,
,,,"Aku bingung, kenapa hidupku penuh dengan air mata dan kesunyian yang nggak pernah berakhir?",,,,,,,
,,,"Aku udah coba buat bangkit, tapi rasa ini terus-terusan narik aku buat balik ke lubang yang sama.",,,,,,,
,,,"Sejujurnya, aku udah kehilangan harapan kalau keadaan bakal membaik, aku merasa kekosongan ini bakal bertahan selamanya.",,,,,,,
,,,"Rasanya kayak aku ini cuma bayangan yang nggak pernah dilihat orang, meskipun aku teriak di depan mereka.",,,,,,,
,,,"Setiap kali aku duduk di kursi gereja, aku cuma bisa nunduk karena merasa ngga layak untuk ada di sana.",,,,,,,
,,,"Aku rindu banget sama suaranya, rumah ini jadi sepi banget sejak dia nggak ada, rasanya nyiksa.",,,,,,,
